party,result,council
"політична партія Всеукраїнське об’єднання ""Батьківщина""",  17.65,"Вінницька обл., Хмільницька міська рада"
"ПАРТІЯ ""БЛОК ПЕТРА ПОРОШЕНКА ""СОЛІДАРНІСТЬ""",  17.65,"Вінницька обл., Хмільницька міська рада"
"політична партія Всеукраїнське об’єднання ""Свобода""",  11.76,"Вінницька обл., Хмільницька міська рада"
"Політична партія ""НОВА ПОЛІТИКА""",  11.76,"Вінницька обл., Хмільницька міська рада"
"Політична Партія ""Опозиційний блок""",  73.53,"Луганська обл., Рубіжанська міська рада"
"політична партія Всеукраїнське об’єднання ""Батьківщина""",  20.59,"Вінницька обл., Козятинська міська рада"
"Політична Партія ""Опозиційний блок""",  66.67,"Луганська обл., Лисичанська міська рада"
"політична партія Всеукраїнське об’єднання ""Батьківщина""",  32.35,"Вінницька обл., Могилів-Подільська міська рада"
"Політична партія ""НОВА ПОЛІТИКА""",  20.59,"Вінницька обл., Жмеринська міська рада"
"ПОЛІТИЧНА ПАРТІЯ ""ГРОМАДСЬКИЙ РУХ ""НАРОДНИЙ КОНТРОЛЬ"" ",  11.76,"Вінницька обл., Хмільницька міська рада"
"Політична партія ""Європейська партія України""",   8.82,"Вінницька обл., Хмільницька міська рада"
"ПОЛІТИЧНА ПАРТІЯ ""ВІННИЦЬКА ЄВРОПЕЙСЬКА СТРАТЕГІЯ""",  37.04,"Вінницька обл., Вінницька міська рада"
"політична партія Всеукраїнське об’єднання ""Батьківщина""",   8.82,"Луганська обл., Рубіжанська міська рада"
"ПАРТІЯ ""БЛОК ПЕТРА ПОРОШЕНКА ""СОЛІДАРНІСТЬ""",   8.82,"Луганська обл., Рубіжанська міська рада"
"ПАРТІЯ ""БЛОК ПЕТРА ПОРОШЕНКА ""СОЛІДАРНІСТЬ""",  17.65,"Вінницька обл., Козятинська міська рада"
"Політична партія ""Сила людей""",  11.76,"Вінницька обл., Козятинська міська рада"
"Політична партія ""Об’єднання ""САМОПОМІЧ""",  11.76,"Вінницька обл., Козятинська міська рада"
"Політична партія ""Наш край""",  26.92,"Вінницька обл., Ладижинська міська рада"
"ПАРТІЯ ""БЛОК ПЕТРА ПОРОШЕНКА ""СОЛІДАРНІСТЬ""",  16.67,"Луганська обл., Лисичанська міська рада"
Радикальна партія Олега Ляшка,   8.33,"Луганська обл., Лисичанська міська рада"
"Політична партія ""Об’єднання ""САМОПОМІЧ""",   8.33,"Луганська обл., Лисичанська міська рада"
"ПАРТІЯ ""БЛОК ПЕТРА ПОРОШЕНКА ""СОЛІДАРНІСТЬ""",  23.53,"Вінницька обл., Могилів-Подільська міська рада"
"Політична Партія ""Опозиційний блок""",  11.76,"Вінницька обл., Могилів-Подільська міська рада"
"Політична Партія ""Опозиційний блок""",  44.44,"Луганська обл., Сєвєродонецька міська рада"
"ПАРТІЯ ""БЛОК ПЕТРА ПОРОШЕНКА ""СОЛІДАРНІСТЬ""",  17.65,"Вінницька обл., Жмеринська міська рада"
"політична партія Всеукраїнське об’єднання ""Батьківщина""",  11.76,"Вінницька обл., Жмеринська міська рада"
політична партія Єдиний Центр,   8.82,"Вінницька обл., Хмільницька міська рада"
Радикальна партія Олега Ляшка,   5.88,"Вінницька обл., Хмільницька міська рада"
Аграрна партія України,   5.88,"Вінницька обл., Хмільницька міська рада"
"ПАРТІЯ ""БЛОК ПЕТРА ПОРОШЕНКА ""СОЛІДАРНІСТЬ""",  18.52,"Вінницька обл., Вінницька міська рада"
"політична партія Всеукраїнське об’єднання ""Батьківщина""",  16.67,"Вінницька обл., Вінницька міська рада"
"політична партія Всеукраїнське об’єднання ""Свобода""",  11.11,"Вінницька обл., Вінницька міська рада"
"Партія ""Справедливість""",   8.82,"Луганська обл., Рубіжанська міська рада"
"ПОЛІТИЧНА ПАРТІЯ ""УКРАЇНСЬКЕ ОБ’ЄДНАННЯ ПАТРІОТІВ – УКРОП""",   8.82,"Вінницька обл., Козятинська міська рада"
"Політична партія ""Наш край""",   8.82,"Вінницька обл., Козятинська міська рада"
Радикальна партія Олега Ляшка,   8.82,"Вінницька обл., Козятинська міська рада"
"політична партія Всеукраїнське об’єднання ""Батьківщина""",  23.08,"Вінницька обл., Ладижинська міська рада"
"ПАРТІЯ ""БЛОК ПЕТРА ПОРОШЕНКА ""СОЛІДАРНІСТЬ""",  19.23,"Вінницька обл., Ладижинська міська рада"
"ПОЛІТИЧНА ПАРТІЯ ""УКРАЇНСЬКЕ ОБ’ЄДНАННЯ ПАТРІОТІВ – УКРОП""",   8.82,"Вінницька обл., Могилів-Подільська міська рада"
"Політична партія ""Наш край""",   8.82,"Вінницька обл., Могилів-Подільська міська рада"
"Політична партія ""Наш край""",  25.00,"Луганська обл., Сєвєродонецька міська рада"
"ПАРТІЯ ""БЛОК ПЕТРА ПОРОШЕНКА ""СОЛІДАРНІСТЬ""",  11.11,"Луганська обл., Сєвєродонецька міська рада"
"Політична партія ""Об’єднання ""САМОПОМІЧ""",   8.33,"Луганська обл., Сєвєродонецька міська рада"
"Політична партія ""Наш край""",  11.76,"Вінницька обл., Жмеринська міська рада"
Народна Партія,  11.76,"Вінницька обл., Жмеринська міська рада"
"ПОЛІТИЧНА ПАРТІЯ ""УКРАЇНСЬКЕ ОБ’ЄДНАННЯ ПАТРІОТІВ – УКРОП""",   8.82,"Вінницька обл., Жмеринська міська рада"
"Політична партія ""Об’єднання ""САМОПОМІЧ""",   9.26,"Вінницька обл., Вінницька міська рада"
"Політична Партія ""Опозиційний блок""",   7.41,"Вінницька обл., Вінницька міська рада"
"ПОЛІТИЧНА ПАРТІЯ ""ГРОМАДСЬКИЙ РУХ ""НАРОДНИЙ КОНТРОЛЬ"" ",   5.88,"Вінницька обл., Козятинська міська рада"
"Політична партія ""КОНКРЕТНИХ СПРАВ""",   5.88,"Вінницька обл., Козятинська міська рада"
"ПОЛІТИЧНА ПАРТІЯ ""РІДНИЙ ДІМ"" ",  11.54,"Вінницька обл., Ладижинська міська рада"
"політична партія Всеукраїнське об’єднання ""Свобода""",   7.69,"Вінницька обл., Ладижинська міська рада"
"ПОЛІТИЧНА ПАРТІЯ ""УКРАЇНСЬКЕ ОБ’ЄДНАННЯ ПАТРІОТІВ – УКРОП""",   7.69,"Вінницька обл., Ладижинська міська рада"
Радикальна партія Олега Ляшка,   8.82,"Вінницька обл., Могилів-Подільська міська рада"
"політична партія Всеукраїнське об’єднання ""Свобода""",   5.88,"Вінницька обл., Могилів-Подільська міська рада"
"ПАРТІЯ ""БЛОК ПЕТРА ПОРОШЕНКА ""СОЛІДАРНІСТЬ""",  22.22,"Кіровоградська обл., Олександрійська міська рада"
"Політична Партія ""Опозиційний блок""",  14.71,"Кіровоградська обл., Світловодська міська рада"
"Політична Партія ""Опозиційний блок""",  47.06,"Запорізька обл., Токмацька міська рада"
політична партія Єдиний Центр,  47.22,"Закарпатська обл., Мукачівська міська рада"
Радикальна партія Олега Ляшка,   5.56,"Луганська обл., Сєвєродонецька міська рада"
"політична партія Всеукраїнське об’єднання ""Батьківщина""",   5.56,"Луганська обл., Сєвєродонецька міська рада"
"Політична партія ""Об’єднання ""САМОПОМІЧ""",   5.88,"Вінницька обл., Жмеринська міська рада"
Радикальна партія Олега Ляшка,   5.88,"Вінницька обл., Жмеринська міська рада"
"Партія ""Відродження""",  25.00,"Закарпатська обл., Ужгородська міська рада"
"Політична Партія ""Опозиційний блок""",  20.59,"Кіровоградська обл., Знам'янська міська рада"
"ПАРТІЯ ""БЛОК ПЕТРА ПОРОШЕНКА ""СОЛІДАРНІСТЬ""",  21.43,"Кіровоградська обл., Кіровоградська міська рада"
"Політична партія ""Наш край""",  23.53,"Київська обл., Обухівська міська рада"
Радикальна партія Олега Ляшка,   3.85,"Вінницька обл., Ладижинська міська рада"
"Політична Партія ""Опозиційний блок""",  22.22,"Кіровоградська обл., Олександрійська міська рада"
"Політична партія ""Об’єднання ""САМОПОМІЧ""",  13.89,"Кіровоградська обл., Олександрійська міська рада"
"політична партія Всеукраїнське об’єднання ""Батьківщина""",  13.89,"Кіровоградська обл., Олександрійська міська рада"
"політична партія Всеукраїнське об’єднання ""Свобода""",  14.71,"Кіровоградська обл., Світловодська міська рада"
"ПОЛІТИЧНА ПАРТІЯ ""УКРАЇНСЬКЕ ОБ’ЄДНАННЯ ПАТРІОТІВ – УКРОП""",  11.76,"Кіровоградська обл., Світловодська міська рада"
"політична партія Всеукраїнське об’єднання ""Батьківщина""",  11.76,"Кіровоградська обл., Світловодська міська рада"
"політична партія Всеукраїнське об’єднання ""Батьківщина""",  20.59,"Запорізька обл., Токмацька міська рада"
"Політична партія ""Об’єднання ""САМОПОМІЧ""",   8.82,"Запорізька обл., Токмацька міська рада"
"ПАРТІЯ ""БЛОК ПЕТРА ПОРОШЕНКА ""СОЛІДАРНІСТЬ""",   8.82,"Запорізька обл., Токмацька міська рада"
"Партія ""Відродження""",  25.00,"Закарпатська обл., Мукачівська міська рада"
"політична партія Всеукраїнське об’єднання ""Батьківщина""",  11.11,"Закарпатська обл., Мукачівська міська рада"
"""КМКС"" Партія угорців України",   8.33,"Закарпатська обл., Мукачівська міська рада"
"політична партія Всеукраїнське об’єднання ""Свобода""",   5.88,"Вінницька обл., Жмеринська міська рада"
"ПАРТІЯ ""БЛОК ПЕТРА ПОРОШЕНКА ""СОЛІДАРНІСТЬ""",  13.89,"Закарпатська обл., Ужгородська міська рада"
"Політична партія ""ПАТРІОТ""",  13.89,"Закарпатська обл., Ужгородська міська рада"
політична партія Єдиний Центр,   8.33,"Закарпатська обл., Ужгородська міська рада"
"ПАРТІЯ ""БЛОК ПЕТРА ПОРОШЕНКА ""СОЛІДАРНІСТЬ""",  17.65,"Кіровоградська обл., Знам'янська міська рада"
"політична партія Всеукраїнське об’єднання ""Батьківщина""",  11.76,"Кіровоградська обл., Знам'янська міська рада"
"Політична партія ""Сила людей""",  11.76,"Кіровоградська обл., Знам'янська міська рада"
"Політична партія ""Наш край""",  16.67,"Кіровоградська обл., Кіровоградська міська рада"
"політична партія Всеукраїнське об’єднання ""Батьківщина""",  14.29,"Кіровоградська обл., Кіровоградська міська рада"
"Політична Партія ""Опозиційний блок""",  11.90,"Кіровоградська обл., Кіровоградська міська рада"
"Політична партія ""Об’єднання ""САМОПОМІЧ""",  14.71,"Київська обл., Обухівська міська рада"
"ПАРТІЯ ""БЛОК ПЕТРА ПОРОШЕНКА ""СОЛІДАРНІСТЬ""",  14.71,"Київська обл., Обухівська міська рада"
Радикальна партія Олега Ляшка,  11.11,"Кіровоградська обл., Олександрійська міська рада"
"Політична партія ""Сила людей""",   8.33,"Кіровоградська обл., Олександрійська міська рада"
"ПОЛІТИЧНА ПАРТІЯ ""ГРОМАДСЬКИЙ РУХ ""НАРОДНИЙ КОНТРОЛЬ"" ",  11.76,"Кіровоградська обл., Світловодська міська рада"
Радикальна партія Олега Ляшка,   8.82,"Кіровоградська обл., Світловодська міська рада"
Радикальна партія Олега Ляшка,   8.82,"Запорізька обл., Токмацька міська рада"
"Політична партія ""Наш край""",   5.88,"Запорізька обл., Токмацька міська рада"
"Політична партія ""Об’єднання ""САМОПОМІЧ""",   8.33,"Закарпатська обл., Мукачівська міська рада"
"Політична партія ""Наш край""",   8.33,"Закарпатська обл., Ужгородська міська рада"
"Політична партія ""Європейська партія України""",   8.33,"Закарпатська обл., Ужгородська міська рада"
"Політична партія ""Об’єднання ""САМОПОМІЧ""",   8.33,"Закарпатська обл., Ужгородська міська рада"
"Партія ""Відродження""",   8.82,"Кіровоградська обл., Знам'янська міська рада"
Радикальна партія Олега Ляшка,   8.82,"Кіровоградська обл., Знам'янська міська рада"
"політична партія Всеукраїнське об’єднання ""Свобода""",   8.82,"Кіровоградська обл., Знам'янська міська рада"
"ПОЛІТИЧНА ПАРТІЯ ""УКРАЇНСЬКЕ ОБ’ЄДНАННЯ ПАТРІОТІВ – УКРОП""",   9.52,"Кіровоградська обл., Кіровоградська міська рада"
"Політична партія ""Об’єднання ""САМОПОМІЧ""",   7.14,"Кіровоградська обл., Кіровоградська міська рада"
"Політична партія ""Рідне місто""",   7.14,"Кіровоградська обл., Кіровоградська міська рада"
"Політична партія ""Сила людей""",  11.76,"Київська обл., Обухівська міська рада"
"політична партія Всеукраїнське об’єднання ""Свобода""",  11.76,"Київська обл., Обухівська міська рада"
"ПОЛІТИЧНА ПАРТІЯ ""УКРАЇНСЬКЕ ОБ’ЄДНАННЯ ПАТРІОТІВ – УКРОП""",   8.82,"Київська обл., Обухівська міська рада"
"ПОЛІТИЧНА ПАРТІЯ ""УКРАЇНСЬКЕ ОБ’ЄДНАННЯ ПАТРІОТІВ – УКРОП""",   8.33,"Кіровоградська обл., Олександрійська міська рада"
"Політична Партія ""Опозиційний блок""",  26.92,"Одеська обл., Южненська міська рада"
"ПАРТІЯ ""БЛОК ПЕТРА ПОРОШЕНКА ""СОЛІДАРНІСТЬ""",   8.82,"Кіровоградська обл., Світловодська міська рада"
"Політична партія ""Об’єднання ""САМОПОМІЧ""",   8.82,"Кіровоградська обл., Світловодська міська рада"
Партія Пенсіонерів України,   8.82,"Кіровоградська обл., Світловодська міська рада"
"Політична Партія ""Опозиційний блок""",  26.47,"Одеська обл., Котовська міська рада"
"Політична Партія ""Опозиційний блок""",  25.00,"Одеська обл., Іллічівська міська рада"
"ПАРТІЯ ""БЛОК ПЕТРА ПОРОШЕНКА ""СОЛІДАРНІСТЬ""",  77.78,"Одеська обл., Ізмаїльська міська рада"
"Політична Партія ""Опозиційний блок""",  35.29,"Одеська обл., Білгород-Дністровська міська рада"
"Політична партія ""КОНКРЕТНИХ СПРАВ""",  23.08,"Одеська обл., Теплодарська міська рада"
"політична партія Всеукраїнське об’єднання ""Батьківщина""",   8.33,"Закарпатська обл., Ужгородська міська рада"
"""КМКС"" Партія угорців України",   5.56,"Закарпатська обл., Ужгородська міська рада"
"Політична партія ""Рідне місто""",  30.56,"Сумська обл., Шосткинська міська рада"
Партія Пенсіонерів України,   5.88,"Кіровоградська обл., Знам'янська міська рада"
"Політична партія ""Воля""",   5.88,"Кіровоградська обл., Знам'янська міська рада"
"Політична партія ""За Україну!""",  17.65,"Сумська обл., Роменська міська рада"
Радикальна партія Олега Ляшка,   7.14,"Кіровоградська обл., Кіровоградська міська рада"
"політична партія Всеукраїнське об’єднання ""Свобода""",   4.76,"Кіровоградська обл., Кіровоградська міська рада"
"політична партія Всеукраїнське об’єднання ""Батьківщина""",   8.82,"Київська обл., Обухівська міська рада"
Радикальна партія Олега Ляшка,   5.88,"Київська обл., Обухівська міська рада"
"політична партія Всеукраїнське об’єднання ""Батьківщина""",  19.23,"Одеська обл., Южненська міська рада"
"ПАРТІЯ ""БЛОК ПЕТРА ПОРОШЕНКА ""СОЛІДАРНІСТЬ""",  19.23,"Одеська обл., Южненська міська рада"
"ПАРТІЯ ""БЛОК ПЕТРА ПОРОШЕНКА ""СОЛІДАРНІСТЬ""",  23.53,"Одеська обл., Котовська міська рада"
"Партія ""Відродження""",  17.65,"Одеська обл., Котовська міська рада"
"Партія ""Відродження""",  25.00,"Одеська обл., Іллічівська міська рада"
"ПАРТІЯ ""БЛОК ПЕТРА ПОРОШЕНКА ""СОЛІДАРНІСТЬ""",  22.22,"Одеська обл., Іллічівська міська рада"
"Політична Партія ""Опозиційний блок""",  22.22,"Одеська обл., Ізмаїльська міська рада"
"ПАРТІЯ ""БЛОК ПЕТРА ПОРОШЕНКА ""СОЛІДАРНІСТЬ""",  26.47,"Одеська обл., Білгород-Дністровська міська рада"
"Політична партія ""ДОВІРЯЙ ДІЛАМ""",  11.76,"Одеська обл., Білгород-Дністровська міська рада"
"Політична Партія ""Опозиційний блок""",  19.23,"Одеська обл., Теплодарська міська рада"
"ПАРТІЯ ""БЛОК ПЕТРА ПОРОШЕНКА ""СОЛІДАРНІСТЬ""",  15.38,"Одеська обл., Теплодарська міська рада"
Народна Партія,  15.38,"Одеська обл., Теплодарська міська рада"
"ПАРТІЯ ""БЛОК ПЕТРА ПОРОШЕНКА ""СОЛІДАРНІСТЬ""",  13.89,"Сумська обл., Шосткинська міська рада"
"Політична партія ""Наш край""",  11.11,"Сумська обл., Шосткинська міська рада"
Радикальна партія Олега Ляшка,  17.65,"Сумська обл., Роменська міська рада"
"політична партія Всеукраїнське об’єднання ""Батьківщина""",  14.71,"Сумська обл., Роменська міська рада"
"політична партія Всеукраїнське об’єднання ""Свобода""",  14.71,"Сумська обл., Роменська міська рада"
Аграрна партія України,  11.54,"Одеська обл., Южненська міська рада"
"ПОЛІТИЧНА ПАРТІЯ ""ПАРТІЯ ПРОСТИХ ЛЮДЕЙ СЕРГІЯ КАПЛІНА""",   7.69,"Одеська обл., Южненська міська рада"
"Політична партія ""Наш край""",   7.69,"Одеська обл., Южненська міська рада"
"Політична партія ""Наш край""",   8.82,"Одеська обл., Котовська міська рада"
"політична партія Всеукраїнське об’єднання ""Батьківщина""",   8.82,"Одеська обл., Котовська міська рада"
Радикальна партія Олега Ляшка,   8.82,"Одеська обл., Котовська міська рада"
"Політична партія ""Об’єднання ""САМОПОМІЧ""",  11.11,"Одеська обл., Іллічівська міська рада"
Молодіжна партія України,   8.33,"Одеська обл., Іллічівська міська рада"
"політична партія Всеукраїнське об’єднання ""Батьківщина""",   8.33,"Одеська обл., Іллічівська міська рада"
"Політична партія ""Наш край""",   8.82,"Одеська обл., Білгород-Дністровська міська рада"
"Партія ""Відродження""",   8.82,"Одеська обл., Білгород-Дністровська міська рада"
"політична партія Всеукраїнське об’єднання ""Батьківщина""",   8.82,"Одеська обл., Білгород-Дністровська міська рада"
Українська морська партія Сергія Ківалова,  15.38,"Одеська обл., Теплодарська міська рада"
"політична партія Всеукраїнське об’єднання ""Батьківщина""",  11.54,"Одеська обл., Теплодарська міська рада"
"Політична Партія ""Опозиційний блок""",  11.11,"Сумська обл., Шосткинська міська рада"
Радикальна партія Олега Ляшка,   8.33,"Сумська обл., Шосткинська міська рада"
"ПОЛІТИЧНА ПАРТІЯ ""ПАРТІЯ ПРОСТИХ ЛЮДЕЙ СЕРГІЯ КАПЛІНА""",   8.33,"Сумська обл., Шосткинська міська рада"
"ПАРТІЯ ""БЛОК ПЕТРА ПОРОШЕНКА ""СОЛІДАРНІСТЬ""",  11.76,"Сумська обл., Роменська міська рада"
"Партія ""Відродження""",  11.76,"Сумська обл., Роменська міська рада"
"ПОЛІТИЧНА ПАРТІЯ ""ПАРТІЯ ПРОСТИХ ЛЮДЕЙ СЕРГІЯ КАПЛІНА""",   8.82,"Сумська обл., Роменська міська рада"
"ПАРТІЯ ""БЛОК ПЕТРА ПОРОШЕНКА ""СОЛІДАРНІСТЬ""",  17.65,"Полтавська обл., Миргородська міська рада"
"ПАРТІЯ ""БЛОК ПЕТРА ПОРОШЕНКА ""СОЛІДАРНІСТЬ""",  14.71,"Полтавська обл., Лубенська міська рада"
"Партія ""Відродження""",   7.69,"Одеська обл., Южненська міська рада"
"ПАРТІЯ ""БЛОК ПЕТРА ПОРОШЕНКА ""СОЛІДАРНІСТЬ""",  23.53,"Сумська обл., Охтирська міська рада"
"ПОЛІТИЧНА ПАРТІЯ ""УКРАЇНСЬКЕ ОБ’ЄДНАННЯ ПАТРІОТІВ – УКРОП""",   5.88,"Одеська обл., Котовська міська рада"
"Політична партія ""Громадянська позиція""",  20.59,"Сумська обл., Лебединська міська рада"
"ПАРТІЯ ""БЛОК ПЕТРА ПОРОШЕНКА ""СОЛІДАРНІСТЬ""",  43.33,"Україна, Київська міська рада"
"ПОЛІТИЧНА ПАРТІЯ ""ПОРУЧ""",  16.67,"Полтавська обл., Кременчуцька міська рада"
"ПАРТІЯ ""БЛОК ПЕТРА ПОРОШЕНКА ""СОЛІДАРНІСТЬ""",  50.00,"Полтавська обл., Комсомольська міська рада"
"ПАРТІЯ ""БЛОК ПЕТРА ПОРОШЕНКА ""СОЛІДАРНІСТЬ""",  19.05,"Полтавська обл., Полтавська міська рада"
"Політична партія ""Об’єднання ""САМОПОМІЧ""",   8.33,"Сумська обл., Шосткинська міська рада"
"політична партія Всеукраїнське об’єднання ""Батьківщина""",   8.33,"Сумська обл., Шосткинська міська рада"
"Партія ""Відродження""",  11.76,"Полтавська обл., Миргородська міська рада"
"політична партія Всеукраїнське об’єднання ""Батьківщина""",  11.76,"Полтавська обл., Миргородська міська рада"
"політична партія Всеукраїнське об’єднання ""Свобода""",  11.76,"Полтавська обл., Миргородська міська рада"
"Політична партія ""Рідне місто""",  11.76,"Полтавська обл., Миргородська міська рада"
Радикальна партія Олега Ляшка,  11.76,"Полтавська обл., Лубенська міська рада"
"Політична партія ""Об’єднання ""САМОПОМІЧ""",  11.76,"Полтавська обл., Лубенська міська рада"
"Політична Партія ""Опозиційний блок""",  11.76,"Полтавська обл., Лубенська міська рада"
"ПОЛІТИЧНА ПАРТІЯ ""ПАРТІЯ ПРОСТИХ ЛЮДЕЙ СЕРГІЯ КАПЛІНА""",  11.76,"Полтавська обл., Лубенська міська рада"
"політична партія Всеукраїнське об’єднання ""Батьківщина""",  17.65,"Сумська обл., Охтирська міська рада"
"Партія ""Відродження""",  11.76,"Сумська обл., Охтирська міська рада"
Радикальна партія Олега Ляшка,  11.76,"Сумська обл., Охтирська міська рада"
"Політична Партія ""Опозиційний блок""",   8.82,"Сумська обл., Охтирська міська рада"
"Політична партія ""Сила людей""",   8.82,"Сумська обл., Охтирська міська рада"
"політична партія Всеукраїнське об’єднання ""Батьківщина""",  20.59,"Сумська обл., Лебединська міська рада"
"ПАРТІЯ ""БЛОК ПЕТРА ПОРОШЕНКА ""СОЛІДАРНІСТЬ""",  17.65,"Сумська обл., Лебединська міська рада"
Радикальна партія Олега Ляшка,  14.71,"Сумська обл., Лебединська міська рада"
"ПОЛІТИЧНА ПАРТІЯ ""ПАРТІЯ ПРОСТИХ ЛЮДЕЙ СЕРГІЯ КАПЛІНА""",  11.76,"Сумська обл., Лебединська міська рада"
"Політична партія ""Об’єднання ""САМОПОМІЧ""",  18.33,"Україна, Київська міська рада"
"політична партія Всеукраїнське об’єднання ""Батьківщина""",  14.17,"Україна, Київська міська рада"
"Українська партія ""Єдність""",  12.50,"Україна, Київська міська рада"
"політична партія Всеукраїнське об’єднання ""Свобода""",  11.67,"Україна, Київська міська рада"
"Політична Партія ""Опозиційний блок""",  16.67,"Полтавська обл., Кременчуцька міська рада"
"ПАРТІЯ ""БЛОК ПЕТРА ПОРОШЕНКА ""СОЛІДАРНІСТЬ""",  14.29,"Полтавська обл., Кременчуцька міська рада"
"Політична партія ""Рідне місто""",  14.29,"Полтавська обл., Кременчуцька міська рада"
"ПОЛІТИЧНА ПАРТІЯ ""УКРАЇНСЬКЕ ОБ’ЄДНАННЯ ПАТРІОТІВ – УКРОП""",  11.90,"Полтавська обл., Кременчуцька міська рада"
"політична партія Всеукраїнське об’єднання ""Батьківщина""",   9.52,"Полтавська обл., Кременчуцька міська рада"
"Політична Партія ""Опозиційний блок""",  17.65,"Полтавська обл., Комсомольська міська рада"
"Політична партія ""Наш край""",   8.82,"Полтавська обл., Комсомольська міська рада"
"Політична партія ""Об’єднання ""САМОПОМІЧ""",   8.82,"Полтавська обл., Комсомольська міська рада"
"ПОЛІТИЧНА ПАРТІЯ ""УКРАЇНСЬКЕ ОБ’ЄДНАННЯ ПАТРІОТІВ – УКРОП""",   8.82,"Полтавська обл., Комсомольська міська рада"
"ПОЛІТИЧНА ПАРТІЯ ""ПАРТІЯ ПРОСТИХ ЛЮДЕЙ СЕРГІЯ КАПЛІНА""",   5.88,"Полтавська обл., Комсомольська міська рада"
"Політична партія ""Совість України""",  16.67,"Полтавська обл., Полтавська міська рада"
"Політична партія ""Рідне місто""",  16.67,"Полтавська обл., Полтавська міська рада"
"політична партія Всеукраїнське об’єднання ""Свобода""",  14.29,"Полтавська обл., Полтавська міська рада"
"політична партія Всеукраїнське об’єднання ""Батьківщина""",  11.90,"Полтавська обл., Полтавська міська рада"
"ПОЛІТИЧНА ПАРТІЯ ""ПАРТІЯ ПРОСТИХ ЛЮДЕЙ СЕРГІЯ КАПЛІНА""",  11.76,"Полтавська обл., Миргородська міська рада"
Радикальна партія Олега Ляшка,   8.82,"Полтавська обл., Миргородська міська рада"
"Політична партія Всеукраїнське об’єднання ""Громада""",   8.82,"Полтавська обл., Миргородська міська рада"
"Політична Партія ""Опозиційний блок""",   8.82,"Полтавська обл., Миргородська міська рада"
"Партія ""Відродження""",   8.82,"Полтавська обл., Лубенська міська рада"
"політична партія Всеукраїнське об’єднання ""Свобода""",   8.82,"Полтавська обл., Лубенська міська рада"
"політична партія Всеукраїнське об’єднання ""Батьківщина""",   8.82,"Полтавська обл., Лубенська міська рада"
"Політична партія ""Рідне місто""",   5.88,"Полтавська обл., Лубенська міська рада"
Народна Партія,   8.82,"Сумська обл., Охтирська міська рада"
"ПОЛІТИЧНА ПАРТІЯ ""УКРАЇНСЬКЕ ОБ’ЄДНАННЯ ПАТРІОТІВ – УКРОП""",   8.82,"Сумська обл., Охтирська міська рада"
"Політична Партія ""Опозиційний блок""",   8.82,"Сумська обл., Лебединська міська рада"
"Партія ""Відродження""",   5.88,"Сумська обл., Лебединська міська рада"
Радикальна партія Олега Ляшка,   9.52,"Полтавська обл., Кременчуцька міська рада"
"Політична партія ""Об’єднання ""САМОПОМІЧ""",   7.14,"Полтавська обл., Кременчуцька міська рада"
"ПОЛІТИЧНА ПАРТІЯ ""ПАРТІЯ ПРОСТИХ ЛЮДЕЙ СЕРГІЯ КАПЛІНА""",  11.90,"Полтавська обл., Полтавська міська рада"
"Політична партія ""Об’єднання ""САМОПОМІЧ""",   9.52,"Полтавська обл., Полтавська міська рада"
"ПОЛІТИЧНА ПАРТІЯ ""УКРАЇНСЬКЕ ОБ’ЄДНАННЯ ПАТРІОТІВ – УКРОП""",   5.88,"Полтавська обл., Лубенська міська рада"
"ПОЛІТИЧНА ПАРТІЯ ""ГРОМАДСЬКИЙ РУХ ""НАРОДНИЙ КОНТРОЛЬ"" ",  20.59,"Рівненська обл., Кузнецовська міська рада"
"Політична партія ""ДОВІРЯЙ ДІЛАМ""",  42.19,"Одеська обл., Одеська міська рада"
"політична партія Всеукраїнське об’єднання ""Свобода""",  22.22,"Сумська обл., Конотопська міська рада"
"Політична партія ""Воля народу"" ",  38.24,"Сумська обл., Глухівська міська рада"
"політична партія Всеукраїнське об’єднання ""Батьківщина""",  42.86,"Сумська обл., Сумська міська рада"
"ПАРТІЯ ""БЛОК ПЕТРА ПОРОШЕНКА ""СОЛІДАРНІСТЬ""",  23.08,"Полтавська обл., Гадяцька міська рада"
"Політична партія ""Воля""",  19.23,"Івано-Франківська обл., Яремчанська міська рада"
"Політична партія ""Об’єднання ""САМОПОМІЧ""",  20.59,"Івано-Франківська обл., Коломийська міська рада"
"Політична партія ""Сила людей""",  17.65,"Рівненська обл., Кузнецовська міська рада"
"ПАРТІЯ ""БЛОК ПЕТРА ПОРОШЕНКА ""СОЛІДАРНІСТЬ""",  14.71,"Рівненська обл., Кузнецовська міська рада"
Українська Народна Партія,  11.76,"Рівненська обл., Кузнецовська міська рада"
"ПОЛІТИЧНА ПАРТІЯ ""УКРАЇНСЬКЕ ОБ’ЄДНАННЯ ПАТРІОТІВ – УКРОП""",  11.76,"Рівненська обл., Кузнецовська міська рада"
"політична партія Всеукраїнське об’єднання ""Батьківщина""",  11.76,"Рівненська обл., Кузнецовська міська рада"
"ПАРТІЯ ""БЛОК ПЕТРА ПОРОШЕНКА ""СОЛІДАРНІСТЬ""",  21.88,"Одеська обл., Одеська міська рада"
"Політична Партія ""Опозиційний блок""",  18.75,"Одеська обл., Одеська міська рада"
Українська морська партія Сергія Ківалова,   9.38,"Одеська обл., Одеська міська рада"
"Політична партія ""Об’єднання ""САМОПОМІЧ""",   7.81,"Одеська обл., Одеська міська рада"
"ПАРТІЯ ""БЛОК ПЕТРА ПОРОШЕНКА ""СОЛІДАРНІСТЬ""",  16.67,"Сумська обл., Конотопська міська рада"
Народна Партія,  13.89,"Сумська обл., Конотопська міська рада"
"Політична партія ""Воля народу"" ",  11.11,"Сумська обл., Конотопська міська рада"
"Політична партія ""Рідне місто""",  11.11,"Сумська обл., Конотопська міська рада"
"Політична партія ""Об’єднання ""САМОПОМІЧ""",  17.65,"Сумська обл., Глухівська міська рада"
"ПОЛІТИЧНА ПАРТІЯ ""УКРАЇНСЬКЕ ОБ’ЄДНАННЯ ПАТРІОТІВ – УКРОП""",  11.76,"Сумська обл., Глухівська міська рада"
"політична партія Всеукраїнське об’єднання ""Батьківщина""",  11.76,"Сумська обл., Глухівська міська рада"
"ПОЛІТИЧНА ПАРТІЯ ""ПАРТІЯ ПРОСТИХ ЛЮДЕЙ СЕРГІЯ КАПЛІНА""",   8.82,"Сумська обл., Глухівська міська рада"
Радикальна партія Олега Ляшка,   5.88,"Сумська обл., Глухівська міська рада"
"ПАРТІЯ ""БЛОК ПЕТРА ПОРОШЕНКА ""СОЛІДАРНІСТЬ""",  21.43,"Сумська обл., Сумська міська рада"
"Політична партія ""Об’єднання ""САМОПОМІЧ""",   9.52,"Сумська обл., Сумська міська рада"
"Політична Партія ""Опозиційний блок""",   9.52,"Сумська обл., Сумська міська рада"
"Політична партія ""За Україну!""",   9.52,"Сумська обл., Сумська міська рада"
"політична партія Всеукраїнське об’єднання ""Свобода""",   7.14,"Сумська обл., Сумська міська рада"
"Політична партія ""Рідне місто""",  19.23,"Полтавська обл., Гадяцька міська рада"
"ПОЛІТИЧНА ПАРТІЯ ""ПАРТІЯ ПРОСТИХ ЛЮДЕЙ СЕРГІЯ КАПЛІНА""",  15.38,"Полтавська обл., Гадяцька міська рада"
"Партія ""Відродження""",  11.54,"Полтавська обл., Гадяцька міська рада"
Радикальна партія Олега Ляшка,  11.54,"Полтавська обл., Гадяцька міська рада"
"ПОЛІТИЧНА ПАРТІЯ ""УКРАЇНСЬКЕ ОБ’ЄДНАННЯ ПАТРІОТІВ – УКРОП""",  15.38,"Івано-Франківська обл., Яремчанська міська рада"
"ПАРТІЯ ""БЛОК ПЕТРА ПОРОШЕНКА ""СОЛІДАРНІСТЬ""",  15.38,"Івано-Франківська обл., Яремчанська міська рада"
Радикальна партія Олега Ляшка,  11.54,"Івано-Франківська обл., Яремчанська міська рада"
"Політична партія ""Сила людей""",  11.54,"Івано-Франківська обл., Яремчанська міська рада"
"ПАРТІЯ ""БЛОК ПЕТРА ПОРОШЕНКА ""СОЛІДАРНІСТЬ""",  14.71,"Івано-Франківська обл., Коломийська міська рада"
"політична партія Всеукраїнське об’єднання ""Батьківщина""",  14.71,"Івано-Франківська обл., Коломийська міська рада"
політична партія Народний Рух України,   8.82,"Івано-Франківська обл., Коломийська міська рада"
Українська Народна Партія,   8.82,"Івано-Франківська обл., Коломийська міська рада"
"політична партія Всеукраїнське об’єднання ""Свобода""",   8.82,"Івано-Франківська обл., Коломийська міська рада"
"політична партія Всеукраїнське об’єднання ""Свобода""",  11.76,"Рівненська обл., Кузнецовська міська рада"
"ПОЛІТИЧНА ПАРТІЯ ""УКРАЇНСЬКЕ ОБ’ЄДНАННЯ ПАТРІОТІВ – УКРОП""",   8.33,"Сумська обл., Конотопська міська рада"
"політична партія Всеукраїнське об’єднання ""Батьківщина""",   8.33,"Сумська обл., Конотопська міська рада"
"Політична партія ""Об’єднання ""САМОПОМІЧ""",   8.33,"Сумська обл., Конотопська міська рада"
"ПАРТІЯ ""БЛОК ПЕТРА ПОРОШЕНКА ""СОЛІДАРНІСТЬ""",   5.88,"Сумська обл., Глухівська міська рада"
"політична партія Всеукраїнське об’єднання ""Батьківщина""",  11.54,"Полтавська обл., Гадяцька міська рада"
"ПОЛІТИЧНА ПАРТІЯ ""УКРАЇНСЬКЕ ОБ’ЄДНАННЯ ПАТРІОТІВ – УКРОП""",   7.69,"Полтавська обл., Гадяцька міська рада"
"політична партія Всеукраїнське об’єднання ""Свобода""",   7.69,"Івано-Франківська обл., Яремчанська міська рада"
"політична партія Всеукраїнське об’єднання ""Батьківщина""",   7.69,"Івано-Франківська обл., Яремчанська міська рада"
політична партія Конгрес Українських Націоналістів,   7.69,"Івано-Франківська обл., Яремчанська міська рада"
"Політична партія ""Громадянська позиція""",   3.85,"Івано-Франківська обл., Яремчанська міська рада"
"ПОЛІТИЧНА ПАРТІЯ ""ГРОМАДСЬКИЙ РУХ ""НАРОДНИЙ КОНТРОЛЬ"" ",   8.82,"Івано-Франківська обл., Коломийська міська рада"
Радикальна партія Олега Ляшка,   8.82,"Івано-Франківська обл., Коломийська міська рада"
"ПОЛІТИЧНА ПАРТІЯ ""УКРАЇНСЬКЕ ОБ’ЄДНАННЯ ПАТРІОТІВ – УКРОП""",   5.88,"Івано-Франківська обл., Коломийська міська рада"
"політична партія Всеукраїнське об’єднання ""Свобода""",  16.67,"Івано-Франківська обл., Калуська міська рада"
"Політична партія ""Воля""",  23.08,"Івано-Франківська обл., Болехівська міська рада"
"політична партія Всеукраїнське об’єднання ""Свобода""",  33.33,"Івано-Франківська обл., Івано-Франківська міська рада"
"політична партія Всеукраїнське об’єднання ""Батьківщина""",  19.23,"Івано-Франківська обл., Бурштинська міська рада"
"політична партія Всеукраїнське об’єднання ""Батьківщина""",  20.59,"Рівненська обл., Дубенська міська рада"
"ПАРТІЯ ""БЛОК ПЕТРА ПОРОШЕНКА ""СОЛІДАРНІСТЬ""",  21.43,"Рівненська обл., Рівненська міська рада"
"ПАРТІЯ ""БЛОК ПЕТРА ПОРОШЕНКА ""СОЛІДАРНІСТЬ""",  34.62,"Рівненська обл., Острозька міська рада"
"Політична партія ""Нові обличчя""",  26.47,"Київська обл., Фастівська міська рада"
Українська партія,  16.67,"Івано-Франківська обл., Калуська міська рада"
"політична партія Всеукраїнське об’єднання ""Батьківщина""",  13.89,"Івано-Франківська обл., Калуська міська рада"
"ПАРТІЯ ""БЛОК ПЕТРА ПОРОШЕНКА ""СОЛІДАРНІСТЬ""",  13.89,"Івано-Франківська обл., Калуська міська рада"
"Політична партія ""Об’єднання ""САМОПОМІЧ""",  11.11,"Івано-Франківська обл., Калуська міська рада"
"ПОЛІТИЧНА ПАРТІЯ ""УКРАЇНСЬКЕ ОБ’ЄДНАННЯ ПАТРІОТІВ – УКРОП""",  11.11,"Івано-Франківська обл., Калуська міська рада"
"ПАРТІЯ ""БЛОК ПЕТРА ПОРОШЕНКА ""СОЛІДАРНІСТЬ""",  19.23,"Івано-Франківська обл., Болехівська міська рада"
"ПОЛІТИЧНА ПАРТІЯ ""УКРАЇНСЬКЕ ОБ’ЄДНАННЯ ПАТРІОТІВ – УКРОП""",  15.38,"Івано-Франківська обл., Болехівська міська рада"
"політична партія Всеукраїнське об’єднання ""Батьківщина""",  15.38,"Івано-Франківська обл., Болехівська міська рада"
Радикальна партія Олега Ляшка,  11.54,"Івано-Франківська обл., Болехівська міська рада"
"ПАРТІЯ ""БЛОК ПЕТРА ПОРОШЕНКА ""СОЛІДАРНІСТЬ""",  21.43,"Івано-Франківська обл., Івано-Франківська міська рада"
"Політична партія ""Об’єднання ""САМОПОМІЧ""",  14.29,"Івано-Франківська обл., Івано-Франківська міська рада"
"ПОЛІТИЧНА ПАРТІЯ ""УКРАЇНСЬКЕ ОБ’ЄДНАННЯ ПАТРІОТІВ – УКРОП""",  14.29,"Івано-Франківська обл., Івано-Франківська міська рада"
"політична партія Всеукраїнське об’єднання ""Батьківщина""",   9.52,"Івано-Франківська обл., Івано-Франківська міська рада"
"ПОЛІТИЧНА ПАРТІЯ ""РІДНИЙ ДІМ"" ",  15.38,"Івано-Франківська обл., Бурштинська міська рада"
"ПАРТІЯ ""БЛОК ПЕТРА ПОРОШЕНКА ""СОЛІДАРНІСТЬ""",  15.38,"Івано-Франківська обл., Бурштинська міська рада"
"політична партія Всеукраїнське об’єднання ""Свобода""",  15.38,"Івано-Франківська обл., Бурштинська міська рада"
"Політична партія ""Громадянська позиція""",  11.54,"Івано-Франківська обл., Бурштинська міська рада"
Радикальна партія Олега Ляшка,   7.69,"Івано-Франківська обл., Бурштинська міська рада"
"ПАРТІЯ ""БЛОК ПЕТРА ПОРОШЕНКА ""СОЛІДАРНІСТЬ""",  14.71,"Рівненська обл., Дубенська міська рада"
"політична партія Всеукраїнське об’єднання ""Свобода""",  11.76,"Рівненська обл., Дубенська міська рада"
"Політична партія ""Громадянська позиція""",  11.76,"Рівненська обл., Дубенська міська рада"
"ПОЛІТИЧНА ПАРТІЯ ""УКРАЇНСЬКЕ ОБ’ЄДНАННЯ ПАТРІОТІВ – УКРОП""",  11.76,"Рівненська обл., Дубенська міська рада"
"ПОЛІТИЧНА ПАРТІЯ ""ПРОГРЕС""",   8.82,"Рівненська обл., Дубенська міська рада"
"політична партія Всеукраїнське об’єднання ""Батьківщина""",  19.05,"Рівненська обл., Рівненська міська рада"
"політична партія Всеукраїнське об’єднання ""Свобода""",  16.67,"Рівненська обл., Рівненська міська рада"
"Політична партія ""Об’єднання ""САМОПОМІЧ""",  14.29,"Рівненська обл., Рівненська міська рада"
"ПОЛІТИЧНА ПАРТІЯ ""ВСЕУКРАЇНСЬКЕ ОБ’ЄДНАННЯ ""ГРОМАДСЬКИЙ КОНТРОЛЬ""",  11.90,"Рівненська обл., Рівненська міська рада"
"політична партія Всеукраїнське об’єднання ""Батьківщина""",  26.92,"Рівненська обл., Острозька міська рада"
"Політична партія ""КОНКРЕТНИХ СПРАВ""",  11.54,"Рівненська обл., Острозька міська рада"
"політична партія Всеукраїнське об’єднання ""Свобода""",  11.54,"Рівненська обл., Острозька міська рада"
"Політична партія ""Громадянська позиція""",   7.69,"Рівненська обл., Острозька міська рада"
"ПАРТІЯ ""БЛОК ПЕТРА ПОРОШЕНКА ""СОЛІДАРНІСТЬ""",  14.71,"Київська обл., Фастівська міська рада"
"політична партія Всеукраїнське об’єднання ""Батьківщина""",  11.76,"Київська обл., Фастівська міська рада"
"Політична партія ""Об’єднання ""САМОПОМІЧ""",  11.76,"Київська обл., Фастівська міська рада"
"Політична партія ""АВТО-МАЙДАН""",   8.33,"Івано-Франківська обл., Калуська міська рада"
політична партія Народний Рух України,   8.33,"Івано-Франківська обл., Калуська міська рада"
політична партія Народний Рух України,   7.69,"Івано-Франківська обл., Болехівська міська рада"
"ПОЛІТИЧНА ПАРТІЯ ""ГРОМАДСЬКИЙ РУХ ""НАРОДНИЙ КОНТРОЛЬ"" ",   7.69,"Івано-Франківська обл., Болехівська міська рада"
Українська Народна Партія,   7.14,"Івано-Франківська обл., Івано-Франківська міська рада"
"Політична партія ""Сила людей""",   7.69,"Івано-Франківська обл., Бурштинська міська рада"
"Політична партія ""Воля""",   7.69,"Івано-Франківська обл., Бурштинська міська рада"
Радикальна партія Олега Ляшка,   8.82,"Рівненська обл., Дубенська міська рада"
"Політична партія ""КОНКРЕТНИХ СПРАВ""",   5.88,"Рівненська обл., Дубенська міська рада"
"ПОЛІТИЧНА ПАРТІЯ ""ГРОМАДСЬКИЙ РУХ ""НАРОДНИЙ КОНТРОЛЬ"" ",   5.88,"Рівненська обл., Дубенська міська рада"
Радикальна партія Олега Ляшка,   9.52,"Рівненська обл., Рівненська міська рада"
"ПОЛІТИЧНА ПАРТІЯ ""УКРАЇНСЬКЕ ОБ’ЄДНАННЯ ПАТРІОТІВ – УКРОП""",   7.14,"Рівненська обл., Рівненська міська рада"
Радикальна партія Олега Ляшка,   7.69,"Рівненська обл., Острозька міська рада"
Радикальна партія Олега Ляшка,   8.82,"Київська обл., Фастівська міська рада"
"Політична Партія ""Третя Сила""",   8.82,"Київська обл., Фастівська міська рада"
"Політична Партія ""Опозиційний блок""",   5.88,"Київська обл., Фастівська міська рада"
"політична партія Всеукраїнське об’єднання ""Свобода""",   5.88,"Київська обл., Фастівська міська рада"
"ПОЛІТИЧНА ПАРТІЯ ""УКРАЇНСЬКЕ ОБ’ЄДНАННЯ ПАТРІОТІВ – УКРОП""",   5.88,"Київська обл., Фастівська міська рада"
"Політична Партія ""Опозиційний блок""",  19.23,"Київська обл., Славутицька міська рада"
"Політична Партія ""Третя Сила""",  23.08,"Київська обл., Ржищівська міська рада"
"ПАРТІЯ ""БЛОК ПЕТРА ПОРОШЕНКА ""СОЛІДАРНІСТЬ""",  26.47,"Київська обл., Переяслав-Хмельницька міська рада"
"Політична партія ""Нові обличчя""",  23.53,"Київська обл., Бучанська міська рада"
"Політична партія ""Нові обличчя""",  41.67,"Київська обл., Ірпінська міська рада"
"Політична партія ""Наш край""",  15.38,"Київська обл., Славутицька міська рада"
"політична партія Всеукраїнське об’єднання ""Батьківщина""",  11.54,"Київська обл., Славутицька міська рада"
"Політична партія ""Совість України""",  11.54,"Київська обл., Славутицька міська рада"
"ПАРТІЯ ""БЛОК ПЕТРА ПОРОШЕНКА ""СОЛІДАРНІСТЬ""",  11.54,"Київська обл., Славутицька міська рада"
"ПОЛІТИЧНА ПАРТІЯ ""УКРАЇНСЬКЕ ОБ’ЄДНАННЯ ПАТРІОТІВ – УКРОП""",   7.69,"Київська обл., Славутицька міська рада"
"політична партія Всеукраїнське об’єднання ""Батьківщина""",  17.65,"Київська обл., Васильківська міська рада"
"політична партія Всеукраїнське об’єднання ""Батьківщина""",  15.38,"Київська обл., Ржищівська міська рада"
"ПАРТІЯ ""БЛОК ПЕТРА ПОРОШЕНКА ""СОЛІДАРНІСТЬ""",  15.38,"Київська обл., Ржищівська міська рада"
"Політична партія ""Нові обличчя""",  11.54,"Київська обл., Ржищівська міська рада"
"Політична партія ""Наш край""",  11.54,"Київська обл., Ржищівська міська рада"
Радикальна партія Олега Ляшка,   7.69,"Київська обл., Ржищівська міська рада"
"ПАРТІЯ ""БЛОК ПЕТРА ПОРОШЕНКА ""СОЛІДАРНІСТЬ""",  22.22,"Київська обл., Броварська міська рада"
"Політична партія ""Наш край""",  20.59,"Київська обл., Переяслав-Хмельницька міська рада"
"Політична партія ""Нові обличчя""",   8.82,"Київська обл., Переяслав-Хмельницька міська рада"
Радикальна партія Олега Ляшка,   8.82,"Київська обл., Переяслав-Хмельницька міська рада"
"Політична партія ""Наш край""",  29.41,"Київська обл., Бориспільська міська рада"
"політична партія Всеукраїнське об’єднання ""Батьківщина""",  17.65,"Київська обл., Бучанська міська рада"
Партія захисників Вітчизни,  17.65,"Київська обл., Бучанська міська рада"
"ПАРТІЯ ""БЛОК ПЕТРА ПОРОШЕНКА ""СОЛІДАРНІСТЬ""",  17.65,"Київська обл., Бучанська міська рада"
"Політична партія ""Наш край""",   8.82,"Київська обл., Бучанська міська рада"
"ПАРТІЯ ""БЛОК ПЕТРА ПОРОШЕНКА ""СОЛІДАРНІСТЬ""",  13.89,"Київська обл., Ірпінська міська рада"
"ПОЛІТИЧНА ПАРТІЯ ""УКРАЇНСЬКЕ ОБ’ЄДНАННЯ ПАТРІОТІВ – УКРОП""",  11.11,"Київська обл., Ірпінська міська рада"
"політична партія Всеукраїнське об’єднання ""Свобода""",  11.11,"Київська обл., Ірпінська міська рада"
"Партія ""Солідарність жінок України""",   8.33,"Київська обл., Ірпінська міська рада"
"Політична партія ""Національна Демократична партія України""",   7.69,"Київська обл., Славутицька міська рада"
Партія ветеранів Афганістану,   7.69,"Київська обл., Славутицька міська рада"
Соціал-демократична партія України,   7.69,"Київська обл., Славутицька міська рада"
"ПАРТІЯ ""БЛОК ПЕТРА ПОРОШЕНКА ""СОЛІДАРНІСТЬ""",  17.65,"Київська обл., Васильківська міська рада"
"ПОЛІТИЧНА ПАРТІЯ ""УКРАЇНСЬКЕ ОБ’ЄДНАННЯ ПАТРІОТІВ – УКРОП""",  11.76,"Київська обл., Васильківська міська рада"
"Політична партія ""Сила людей""",  11.76,"Київська обл., Васильківська міська рада"
Радикальна партія Олега Ляшка,  11.76,"Київська обл., Васильківська міська рада"
"політична партія Всеукраїнське об’єднання ""Свобода""",   8.82,"Київська обл., Васильківська міська рада"
"Політична Партія ""Опозиційний блок""",   7.69,"Київська обл., Ржищівська міська рада"
"ПОЛІТИЧНА ПАРТІЯ ""УКРАЇНСЬКЕ ОБ’ЄДНАННЯ ПАТРІОТІВ – УКРОП""",   7.69,"Київська обл., Ржищівська міська рада"
"Українська партія ""Єдність""",  16.67,"Київська обл., Броварська міська рада"
"Політична партія ""Об’єднання ""САМОПОМІЧ""",  13.89,"Київська обл., Броварська міська рада"
політична партія ДемАльянс (Демократичний альянс),  11.11,"Київська обл., Броварська міська рада"
"політична партія Всеукраїнське об’єднання ""Свобода""",  11.11,"Київська обл., Броварська міська рада"
"політична партія Всеукраїнське об’єднання ""Батьківщина""",  11.11,"Київська обл., Броварська міська рада"
"ПОЛІТИЧНА ПАРТІЯ ""ПАРТІЯ ПРОСТИХ ЛЮДЕЙ СЕРГІЯ КАПЛІНА""",   8.82,"Київська обл., Переяслав-Хмельницька міська рада"
"політична партія Всеукраїнське об’єднання ""Свобода""",   8.82,"Київська обл., Переяслав-Хмельницька міська рада"
"Політична партія ""Об’єднання ""САМОПОМІЧ""",   8.82,"Київська обл., Переяслав-Хмельницька міська рада"
"політична партія Всеукраїнське об’єднання ""Батьківщина""",   8.82,"Київська обл., Переяслав-Хмельницька міська рада"
"ПАРТІЯ ""БЛОК ПЕТРА ПОРОШЕНКА ""СОЛІДАРНІСТЬ""",  20.59,"Київська обл., Бориспільська міська рада"
Радикальна партія Олега Ляшка,  11.76,"Київська обл., Бориспільська міська рада"
"Політична партія ""Об’єднання ""САМОПОМІЧ""",  11.76,"Київська обл., Бориспільська міська рада"
"політична партія Всеукраїнське об’єднання ""Свобода""",   8.82,"Київська обл., Бориспільська міська рада"
"політична партія Всеукраїнське об’єднання ""Свобода""",   8.82,"Київська обл., Бучанська міська рада"
"ПОЛІТИЧНА ПАРТІЯ ""УКРАЇНСЬКЕ ОБ’ЄДНАННЯ ПАТРІОТІВ – УКРОП""",   5.88,"Київська обл., Бучанська міська рада"
"політична партія Всеукраїнське об’єднання ""Батьківщина""",   8.33,"Київська обл., Ірпінська міська рада"
Партія захисників Вітчизни,   5.56,"Київська обл., Ірпінська міська рада"
Народна Партія,   8.82,"Київська обл., Васильківська міська рада"
"Політична Партія ""Опозиційний блок""",   5.88,"Київська обл., Васильківська міська рада"
"Політична партія ""Нові обличчя""",   5.88,"Київська обл., Васильківська міська рада"
"ПОЛІТИЧНА ПАРТІЯ ""УКРАЇНСЬКЕ ОБ’ЄДНАННЯ ПАТРІОТІВ – УКРОП""",   8.33,"Київська обл., Броварська міська рада"
Радикальна партія Олега Ляшка,   5.56,"Київська обл., Броварська міська рада"
"політична партія Всеукраїнське об’єднання ""Батьківщина""",   8.82,"Київська обл., Бориспільська міська рада"
"Політична партія ""Сила людей""",   8.82,"Київська обл., Бориспільська міська рада"
"Політична партія ""Об’єднання ""САМОПОМІЧ""",  26.19,"Київська обл., Білоцерківська міська рада"
"політична партія Всеукраїнське об’єднання ""Свобода""",  14.29,"Київська обл., Білоцерківська міська рада"
"ПАРТІЯ ""БЛОК ПЕТРА ПОРОШЕНКА ""СОЛІДАРНІСТЬ""",  14.29,"Київська обл., Білоцерківська міська рада"
"політична партія Всеукраїнське об’єднання ""Батьківщина""",  11.90,"Київська обл., Білоцерківська міська рада"
Партія промисловців і підприємців України,  23.08,"Київська обл., Березанська міська рада"
"ПАРТІЯ ""БЛОК ПЕТРА ПОРОШЕНКА ""СОЛІДАРНІСТЬ""",  17.65,"Волинська обл., Нововолинська міська рада"
"політична партія Всеукраїнське об’єднання ""Батьківщина""",  25.00,"Волинська обл., Ковельська міська рада"
Радикальна партія Олега Ляшка,   9.52,"Київська обл., Білоцерківська міська рада"
"Політична партія ""Партія економічного відродження України"" ",   9.52,"Київська обл., Білоцерківська міська рада"
"ПОЛІТИЧНА ПАРТІЯ ""УКРАЇНСЬКЕ ОБ’ЄДНАННЯ ПАТРІОТІВ – УКРОП""",   7.14,"Київська обл., Білоцерківська міська рада"
"Політична Партія ""Опозиційний блок""",   7.14,"Київська обл., Білоцерківська міська рада"
"ПАРТІЯ ""БЛОК ПЕТРА ПОРОШЕНКА ""СОЛІДАРНІСТЬ""",  15.38,"Київська обл., Березанська міська рада"
"Політична Партія ""Опозиційний блок""",  11.54,"Київська обл., Березанська міська рада"
"Політична партія ""Наш край""",  11.54,"Київська обл., Березанська міська рада"
"політична партія Всеукраїнське об’єднання ""Свобода""",   7.69,"Київська обл., Березанська міська рада"
"Політична партія ""Об’єднання ""САМОПОМІЧ""",  19.44,"Львівська обл., Червоноградська міська рада"
"політична партія Всеукраїнське об’єднання ""Батьківщина""",  17.65,"Волинська обл., Нововолинська міська рада"
"Політична партія ""Об’єднання ""САМОПОМІЧ""",  14.71,"Волинська обл., Нововолинська міська рада"
"ПОЛІТИЧНА ПАРТІЯ ""УКРАЇНСЬКЕ ОБ’ЄДНАННЯ ПАТРІОТІВ – УКРОП""",  14.71,"Волинська обл., Нововолинська міська рада"
Радикальна партія Олега Ляшка,  11.76,"Волинська обл., Нововолинська міська рада"
"політична партія Всеукраїнське об’єднання ""Свобода""",   8.82,"Волинська обл., Нововолинська міська рада"
"Політична партія ""Об’єднання ""САМОПОМІЧ""",  19.23,"Львівська обл., Трускавецька міська рада"
"ПАРТІЯ ""БЛОК ПЕТРА ПОРОШЕНКА ""СОЛІДАРНІСТЬ""",  22.22,"Волинська обл., Ковельська міська рада"
"ПОЛІТИЧНА ПАРТІЯ ""УКРАЇНСЬКЕ ОБ’ЄДНАННЯ ПАТРІОТІВ – УКРОП""",  13.89,"Волинська обл., Ковельська міська рада"
"Політична партія ""Об’єднання ""САМОПОМІЧ""",  17.65,"Львівська обл., Стрийська міська рада"
"Політична партія ""Воля""",  23.53,"Львівська обл., Самбірська міська рада"
"політична партія Всеукраїнське об’єднання ""Батьківщина""",   7.69,"Київська обл., Березанська міська рада"
Радикальна партія Олега Ляшка,   7.69,"Київська обл., Березанська міська рада"
"Політична партія ""Об’єднання ""САМОПОМІЧ""",   7.69,"Київська обл., Березанська міська рада"
"ПОЛІТИЧНА ПАРТІЯ ""УКРАЇНСЬКЕ ОБ’ЄДНАННЯ ПАТРІОТІВ – УКРОП""",   7.69,"Київська обл., Березанська міська рада"
"ПАРТІЯ ""БЛОК ПЕТРА ПОРОШЕНКА ""СОЛІДАРНІСТЬ""",  16.67,"Львівська обл., Червоноградська міська рада"
"політична партія Всеукраїнське об’єднання ""Свобода""",  13.89,"Львівська обл., Червоноградська міська рада"
"політична партія Всеукраїнське об’єднання ""Батьківщина""",  13.89,"Львівська обл., Червоноградська міська рада"
"ПОЛІТИЧНА ПАРТІЯ ""ГРОМАДСЬКИЙ РУХ ""НАРОДНИЙ КОНТРОЛЬ"" ",  11.11,"Львівська обл., Червоноградська міська рада"
Радикальна партія Олега Ляшка,  11.11,"Львівська обл., Червоноградська міська рада"
"Політична партія ""Громадянська позиція""",   8.82,"Волинська обл., Нововолинська міська рада"
"Політична партія ""Наш край""",   5.88,"Волинська обл., Нововолинська міська рада"
"Політична партія ""Громадянська позиція""",  15.38,"Львівська обл., Трускавецька міська рада"
"ПАРТІЯ ""БЛОК ПЕТРА ПОРОШЕНКА ""СОЛІДАРНІСТЬ""",  15.38,"Львівська обл., Трускавецька міська рада"
політична партія Конгрес Українських Націоналістів,  11.54,"Львівська обл., Трускавецька міська рада"
"політична партія Всеукраїнське об’єднання ""Свобода""",  11.54,"Львівська обл., Трускавецька міська рада"
"Політична партія ""Об’єднання ""САМОПОМІЧ""",  13.89,"Волинська обл., Ковельська міська рада"
"політична партія Всеукраїнське об’єднання ""Свобода""",  11.11,"Волинська обл., Ковельська міська рада"
Радикальна партія Олега Ляшка,   8.33,"Волинська обл., Ковельська міська рада"
"Політична партія ""Сила людей""",   5.56,"Волинська обл., Ковельська міська рада"
"ПАРТІЯ ""БЛОК ПЕТРА ПОРОШЕНКА ""СОЛІДАРНІСТЬ""",  17.65,"Львівська обл., Стрийська міська рада"
"політична партія Всеукраїнське об’єднання ""Батьківщина""",  14.71,"Львівська обл., Стрийська міська рада"
"Політична партія ""Громадянська позиція""",  11.76,"Львівська обл., Стрийська міська рада"
"політична партія Всеукраїнське об’єднання ""Свобода""",  11.76,"Львівська обл., Стрийська міська рада"
"ПАРТІЯ ""БЛОК ПЕТРА ПОРОШЕНКА ""СОЛІДАРНІСТЬ""",  14.71,"Львівська обл., Самбірська міська рада"
Радикальна партія Олега Ляшка,  11.76,"Львівська обл., Самбірська міська рада"
"Політична партія ""Об’єднання ""САМОПОМІЧ""",   8.82,"Львівська обл., Самбірська міська рада"
"політична партія Всеукраїнське об’єднання ""Свобода""",   8.82,"Львівська обл., Самбірська міська рада"
політична партія Народний Рух України,   8.33,"Львівська обл., Червоноградська міська рада"
"ПОЛІТИЧНА ПАРТІЯ ""УКРАЇНСЬКЕ ОБ’ЄДНАННЯ ПАТРІОТІВ – УКРОП""",   5.56,"Львівська обл., Червоноградська міська рада"
"політична партія Всеукраїнське об’єднання ""Батьківщина""",  11.54,"Львівська обл., Трускавецька міська рада"
"ПОЛІТИЧНА ПАРТІЯ ""ГРОМАДСЬКИЙ РУХ ""НАРОДНИЙ КОНТРОЛЬ"" ",   7.69,"Львівська обл., Трускавецька міська рада"
"ПОЛІТИЧНА ПАРТІЯ ""УКРАЇНСЬКЕ ОБ’ЄДНАННЯ ПАТРІОТІВ – УКРОП""",   7.69,"Львівська обл., Трускавецька міська рада"
"ПОЛІТИЧНА ПАРТІЯ ""ГРОМАДСЬКИЙ РУХ ""НАРОДНИЙ КОНТРОЛЬ"" ",   8.82,"Львівська обл., Стрийська міська рада"
"Політична партія ""Сила людей""",   5.88,"Львівська обл., Стрийська міська рада"
політична партія Конгрес Українських Націоналістів,   5.88,"Львівська обл., Стрийська міська рада"
"ПОЛІТИЧНА ПАРТІЯ ""УКРАЇНСЬКЕ ОБ’ЄДНАННЯ ПАТРІОТІВ – УКРОП""",   5.88,"Львівська обл., Стрийська міська рада"
"ПОЛІТИЧНА ПАРТІЯ ""ГРОМАДСЬКИЙ РУХ ""НАРОДНИЙ КОНТРОЛЬ"" ",   8.82,"Львівська обл., Самбірська міська рада"
"політична партія Всеукраїнське об’єднання ""Батьківщина""",   8.82,"Львівська обл., Самбірська міська рада"
політична партія Конгрес Українських Націоналістів,   8.82,"Львівська обл., Самбірська міська рада"
політична партія Народний Рух України,   5.88,"Львівська обл., Самбірська міська рада"
"політична партія Всеукраїнське об’єднання ""Свобода""",  17.65,"Львівська обл., Бориславська міська рада"
"ПОЛІТИЧНА ПАРТІЯ ""ГРОМАДСЬКИЙ РУХ ""НАРОДНИЙ КОНТРОЛЬ"" ",  19.44,"Львівська обл., Дрогобицька міська рада"
"Політична партія ""Об’єднання ""САМОПОМІЧ""",  14.71,"Львівська обл., Бориславська міська рада"
"Політична партія ""Громадянська позиція""",  11.76,"Львівська обл., Бориславська міська рада"
"ПАРТІЯ ""БЛОК ПЕТРА ПОРОШЕНКА ""СОЛІДАРНІСТЬ""",   8.82,"Львівська обл., Бориславська міська рада"
"ПОЛІТИЧНА ПАРТІЯ ""УКРАЇНСЬКЕ ОБ’ЄДНАННЯ ПАТРІОТІВ – УКРОП""",   8.82,"Львівська обл., Бориславська міська рада"
"ПОЛІТИЧНА ПАРТІЯ ""ГРОМАДСЬКИЙ РУХ ""НАРОДНИЙ КОНТРОЛЬ"" ",   8.82,"Львівська обл., Бориславська міська рада"
Радикальна партія Олега Ляшка,   8.82,"Львівська обл., Бориславська міська рада"
"Політична партія ""Об’єднання ""САМОПОМІЧ""",  37.50,"Львівська обл., Львівська міська рада"
"ПАРТІЯ ""БЛОК ПЕТРА ПОРОШЕНКА ""СОЛІДАРНІСТЬ""",  22.73,"Львівська обл., Моршинська міська рада"
"Політична Партія ""Опозиційний блок""",  50.00,"Запорізька обл., Мелітопольська міська рада"
"Політична Партія ""Опозиційний блок""",  35.29,"Запорізька обл., Енергодарська міська рада"
"політична партія Всеукраїнське об’єднання ""Свобода""",  16.67,"Львівська обл., Дрогобицька міська рада"
"Політична партія ""Громадянська позиція""",  13.89,"Львівська обл., Дрогобицька міська рада"
"ПАРТІЯ ""БЛОК ПЕТРА ПОРОШЕНКА ""СОЛІДАРНІСТЬ""",  13.89,"Львівська обл., Дрогобицька міська рада"
"Політична партія ""Об’єднання ""САМОПОМІЧ""",  13.89,"Львівська обл., Дрогобицька міська рада"
"політична партія Всеукраїнське об’єднання ""Батьківщина""",   8.82,"Львівська обл., Бориславська міська рада"
Українська республіканська партія ,   5.88,"Львівська обл., Бориславська міська рада"
політична партія Народний Рух України,   5.88,"Львівська обл., Бориславська міська рада"
"Політична партія ""Наш край""",  30.56,"Запорізька обл., Бердянська міська рада"
"ПАРТІЯ ""БЛОК ПЕТРА ПОРОШЕНКА ""СОЛІДАРНІСТЬ""",  15.63,"Львівська обл., Львівська міська рада"
"політична партія Всеукраїнське об’єднання ""Свобода""",  12.50,"Львівська обл., Львівська міська рада"
"Політична партія ""Громадянська позиція""",  10.94,"Львівська обл., Львівська міська рада"
"ПОЛІТИЧНА ПАРТІЯ ""ГРОМАДСЬКИЙ РУХ ""НАРОДНИЙ КОНТРОЛЬ"" ",   9.38,"Львівська обл., Львівська міська рада"
"ПОЛІТИЧНА ПАРТІЯ ""УКРАЇНСЬКЕ ОБ’ЄДНАННЯ ПАТРІОТІВ – УКРОП""",   7.81,"Львівська обл., Львівська міська рада"
"Політична партія ""Українська Галицька партія""",   6.25,"Львівська обл., Львівська міська рада"
політична партія Республіканська платформа,  18.18,"Львівська обл., Моршинська міська рада"
"Політична партія ""Об’єднання ""САМОПОМІЧ""",  13.64,"Львівська обл., Моршинська міська рада"
"Політична партія ""Сила людей""",  13.64,"Львівська обл., Моршинська міська рада"
"політична партія Всеукраїнське об’єднання ""Батьківщина""",  13.64,"Львівська обл., Моршинська міська рада"
"ПАРТІЯ ""БЛОК ПЕТРА ПОРОШЕНКА ""СОЛІДАРНІСТЬ""",  19.05,"Запорізька обл., Мелітопольська міська рада"
"Політична партія ""Об’єднання ""САМОПОМІЧ""",  14.29,"Запорізька обл., Мелітопольська міська рада"
Партія ветеранів Афганістану,   9.52,"Запорізька обл., Мелітопольська міська рада"
"Політична партія ""Наш край""",   7.14,"Запорізька обл., Мелітопольська міська рада"
"Політична Партія ""Опозиційний блок""",  31.25,"Запорізька обл., Запорізька міська рада"
"ПАРТІЯ ""БЛОК ПЕТРА ПОРОШЕНКА ""СОЛІДАРНІСТЬ""",  14.71,"Запорізька обл., Енергодарська міська рада"
"Партія Сергія Тігіпка ""Сильна Україна""",  11.76,"Запорізька обл., Енергодарська міська рада"
"Політична партія ""НОВА ПОЛІТИКА""",  11.76,"Запорізька обл., Енергодарська міська рада"
Партія захисників Вітчизни,  11.76,"Запорізька обл., Енергодарська міська рада"
"політична партія Всеукраїнське об’єднання ""Батьківщина""",   8.82,"Запорізька обл., Енергодарська міська рада"
"ПОЛІТИЧНА ПАРТІЯ ""УКРАЇНСЬКЕ ОБ’ЄДНАННЯ ПАТРІОТІВ – УКРОП""",   5.88,"Запорізька обл., Енергодарська міська рада"
"політична партія Всеукраїнське об’єднання ""Батьківщина""",  11.11,"Львівська обл., Дрогобицька міська рада"
політична партія Народний Рух України,   5.56,"Львівська обл., Дрогобицька міська рада"
"ПОЛІТИЧНА ПАРТІЯ ""УКРАЇНСЬКЕ ОБ’ЄДНАННЯ ПАТРІОТІВ – УКРОП""",   5.56,"Львівська обл., Дрогобицька міська рада"
"Політична Партія ""Опозиційний блок""",  22.22,"Запорізька обл., Бердянська міська рада"
"ПАРТІЯ ""БЛОК ПЕТРА ПОРОШЕНКА ""СОЛІДАРНІСТЬ""",  13.89,"Запорізька обл., Бердянська міська рада"
"політична партія Всеукраїнське об’єднання ""Батьківщина""",  11.11,"Запорізька обл., Бердянська міська рада"
"ПОЛІТИЧНА ПАРТІЯ ""СОЦІАЛІСТИ""",  11.11,"Запорізька обл., Бердянська міська рада"
"Партія ""Відродження""",   5.56,"Запорізька обл., Бердянська міська рада"
"ПОЛІТИЧНА ПАРТІЯ ""УКРАЇНСЬКЕ ОБ’ЄДНАННЯ ПАТРІОТІВ – УКРОП""",   9.09,"Львівська обл., Моршинська міська рада"
"Політична партія ""Громадянська позиція""",   4.55,"Львівська обл., Моршинська міська рада"
політична партія Народний Рух України,   4.55,"Львівська обл., Моршинська міська рада"
"Політична партія ""НОВА ПОЛІТИКА""",  14.06,"Запорізька обл., Запорізька міська рада"
"ПОЛІТИЧНА ПАРТІЯ ""УКРАЇНСЬКЕ ОБ’ЄДНАННЯ ПАТРІОТІВ – УКРОП""",  14.06,"Запорізька обл., Запорізька міська рада"
"ПАРТІЯ ""БЛОК ПЕТРА ПОРОШЕНКА ""СОЛІДАРНІСТЬ""",  12.50,"Запорізька обл., Запорізька міська рада"
"Політична партія ""Наш край""",   9.38,"Запорізька обл., Запорізька міська рада"
"політична партія Всеукраїнське об’єднання ""Батьківщина""",   9.38,"Запорізька обл., Запорізька міська рада"
Партія ветеранів Афганістану,   5.56,"Запорізька обл., Бердянська міська рада"
"Політична партія ""Об’єднання ""САМОПОМІЧ""",   9.38,"Запорізька обл., Запорізька міська рада"
"Політична партія ""КОНКРЕТНИХ СПРАВ""",  47.06,"Закарпатська обл., Хустська міська рада"
"ПАРТІЯ ""БЛОК ПЕТРА ПОРОШЕНКА ""СОЛІДАРНІСТЬ""",  14.71,"Закарпатська обл., Хустська міська рада"
"політична партія Всеукраїнське об’єднання ""Свобода""",   8.82,"Закарпатська обл., Хустська міська рада"
"""КМКС"" Партія угорців України",   8.82,"Закарпатська обл., Хустська міська рада"
"Політична Партія ""Опозиційний блок""",   8.82,"Закарпатська обл., Хустська міська рада"
Українська Народна Партія,   5.88,"Закарпатська обл., Хустська міська рада"
політична партія Єдиний Центр,   5.88,"Закарпатська обл., Хустська міська рада"
політична партія Єдиний Центр,  30.77,"Закарпатська обл., Чопська міська рада"
Демократична партія угорців України,  46.15,"Закарпатська обл., Берегівська міська рада"
"ПАРТІЯ ""БЛОК ПЕТРА ПОРОШЕНКА ""СОЛІДАРНІСТЬ""",  26.47,"Житомирська обл., Новоград-Волинська міська рада"
"""КМКС"" Партія угорців України",  26.92,"Закарпатська обл., Чопська міська рада"
"ПАРТІЯ ""БЛОК ПЕТРА ПОРОШЕНКА ""СОЛІДАРНІСТЬ""",  19.23,"Закарпатська обл., Чопська міська рада"
"Політична партія ""Наш край""",   7.69,"Закарпатська обл., Чопська міська рада"
"Політична Партія ""Опозиційний блок""",   7.69,"Закарпатська обл., Чопська міська рада"
"Партія ""Відродження""",   7.69,"Закарпатська обл., Чопська міська рада"
"Політична партія ""Наш край""",  17.65,"Житомирська обл., Коростенська міська рада"
"Партія ""Відродження""",  19.23,"Закарпатська обл., Берегівська міська рада"
політична партія Єдиний Центр,  19.23,"Закарпатська обл., Берегівська міська рада"
"ПАРТІЯ ""БЛОК ПЕТРА ПОРОШЕНКА ""СОЛІДАРНІСТЬ""",  15.38,"Закарпатська обл., Берегівська міська рада"
Народна Партія,  17.65,"Житомирська обл., Новоград-Волинська міська рада"
Радикальна партія Олега Ляшка,  14.71,"Житомирська обл., Новоград-Волинська міська рада"
"політична партія Всеукраїнське об’єднання ""Батьківщина""",  11.76,"Житомирська обл., Новоград-Волинська міська рада"
"Політична Партія ""Опозиційний блок""",   8.82,"Житомирська обл., Новоград-Волинська міська рада"
"Політична партія ""Об’єднання ""САМОПОМІЧ""",   8.82,"Житомирська обл., Новоград-Волинська міська рада"
"ПОЛІТИЧНА ПАРТІЯ ""УКРАЇНСЬКЕ ОБ’ЄДНАННЯ ПАТРІОТІВ – УКРОП""",   5.88,"Житомирська обл., Новоград-Волинська міська рада"
"ПАРТІЯ ""БЛОК ПЕТРА ПОРОШЕНКА ""СОЛІДАРНІСТЬ""",  27.78,"Житомирська обл., Бердичівська міська рада"
"ПАРТІЯ ""БЛОК ПЕТРА ПОРОШЕНКА ""СОЛІДАРНІСТЬ""",  23.53,"Волинська обл., Володимир-Волинська міська рада"
"ПОЛІТИЧНА ПАРТІЯ ""УКРАЇНСЬКЕ ОБ’ЄДНАННЯ ПАТРІОТІВ – УКРОП""",  35.71,"Волинська обл., Луцька міська рада"
"ПОЛІТИЧНА ПАРТІЯ ""УКРАЇНСЬКЕ ОБ’ЄДНАННЯ ПАТРІОТІВ – УКРОП""",  17.65,"Житомирська обл., Коростенська міська рада"
"ПАРТІЯ ""БЛОК ПЕТРА ПОРОШЕНКА ""СОЛІДАРНІСТЬ""",  14.71,"Житомирська обл., Коростенська міська рада"
"політична партія Всеукраїнське об’єднання ""Батьківщина""",  14.71,"Житомирська обл., Коростенська міська рада"
"Політична Партія ""Опозиційний блок""",  14.71,"Житомирська обл., Коростенська міська рада"
Українська Народна Партія,   5.88,"Житомирська обл., Новоград-Волинська міська рада"
"політична партія Всеукраїнське об’єднання ""Батьківщина""",  16.67,"Житомирська обл., Бердичівська міська рада"
"Політична партія ""Об’єднання ""САМОПОМІЧ""",  13.89,"Житомирська обл., Бердичівська міська рада"
Радикальна партія Олега Ляшка,  13.89,"Житомирська обл., Бердичівська міська рада"
"ПОЛІТИЧНА ПАРТІЯ ""УКРАЇНСЬКЕ ОБ’ЄДНАННЯ ПАТРІОТІВ – УКРОП""",   8.33,"Житомирська обл., Бердичівська міська рада"
"Політична Партія ""Опозиційний блок""",   8.33,"Житомирська обл., Бердичівська міська рада"
Патріотична партія України,   5.56,"Житомирська обл., Бердичівська міська рада"
"Політична партія ""Об’єднання ""САМОПОМІЧ""",  20.59,"Волинська обл., Володимир-Волинська міська рада"
"ПОЛІТИЧНА ПАРТІЯ ""УКРАЇНСЬКЕ ОБ’ЄДНАННЯ ПАТРІОТІВ – УКРОП""",  14.71,"Волинська обл., Володимир-Волинська міська рада"
"політична партія Всеукраїнське об’єднання ""Батьківщина""",  14.71,"Волинська обл., Володимир-Волинська міська рада"
"Політична партія ""Наш край""",  11.76,"Волинська обл., Володимир-Волинська міська рада"
"політична партія Всеукраїнське об’єднання ""Свобода""",   8.82,"Волинська обл., Володимир-Волинська міська рада"
"ПАРТІЯ ""БЛОК ПЕТРА ПОРОШЕНКА ""СОЛІДАРНІСТЬ""",  19.05,"Волинська обл., Луцька міська рада"
"політична партія Всеукраїнське об’єднання ""Свобода""",  11.90,"Волинська обл., Луцька міська рада"
"політична партія Всеукраїнське об’єднання ""Батьківщина""",   9.52,"Волинська обл., Луцька міська рада"
"Політична партія ""Об’єднання ""САМОПОМІЧ""",   9.52,"Волинська обл., Луцька міська рада"
"Політична партія ""Нова держава""",  11.76,"Житомирська обл., Коростенська міська рада"
Радикальна партія Олега Ляшка,   8.82,"Житомирська обл., Коростенська міська рада"
"політична партія Всеукраїнське об’єднання ""Свобода""",   5.56,"Житомирська обл., Бердичівська міська рада"
Радикальна партія Олега Ляшка,   5.88,"Волинська обл., Володимир-Волинська міська рада"
"ПОЛІТИЧНА ПАРТІЯ ""ГРОМАДСЬКИЙ РУХ ""НАРОДНИЙ КОНТРОЛЬ"" ",   7.14,"Волинська обл., Луцька міська рада"
Радикальна партія Олега Ляшка,   7.14,"Волинська обл., Луцька міська рада"
"Політична партія ""КОНКРЕТНИХ СПРАВ""",  34.62,"Львівська обл., Новороздільська міська рада"
"Політична партія ""Об’єднання ""САМОПОМІЧ""",  11.54,"Львівська обл., Новороздільська міська рада"
"політична партія Всеукраїнське об’єднання ""Батьківщина""",  11.54,"Львівська обл., Новороздільська міська рада"
"політична партія Всеукраїнське об’єднання ""Свобода""",  11.54,"Львівська обл., Новороздільська міська рада"
"Політична партія ""Сила людей""",   7.69,"Львівська обл., Новороздільська міська рада"
"ПАРТІЯ ""БЛОК ПЕТРА ПОРОШЕНКА ""СОЛІДАРНІСТЬ""",   7.69,"Львівська обл., Новороздільська міська рада"
політична партія Народний Рух України,   7.69,"Львівська обл., Новороздільська міська рада"
"ПОЛІТИЧНА ПАРТІЯ ""УКРАЇНСЬКЕ ОБ’ЄДНАННЯ ПАТРІОТІВ – УКРОП""",   7.69,"Львівська обл., Новороздільська міська рада"
"Політична партія ""Наш край""",  30.77,"Донецька обл., Новогродівська міська рада"
"Політична Партія ""Опозиційний блок""",  50.00,"Донецька обл., Дружківська міська рада"
"Політична Партія ""Опозиційний блок""",  61.11,"Донецька обл., Слов'янська міська рада"
"Політична Партія ""Опозиційний блок""",  47.06,"Донецька обл., Селидівська міська рада"
Партія захисників Вітчизни,  26.92,"Донецька обл., Новогродівська міська рада"
"Політична Партія ""Опозиційний блок""",  23.08,"Донецька обл., Новогродівська міська рада"
політична партія ДемАльянс (Демократичний альянс),  15.38,"Донецька обл., Новогродівська міська рада"
"Політична Партія ""Опозиційний блок""",  57.14,"Донецька обл., Краматорська міська рада"
"Політична партія ""Наш край""",  25.00,"Донецька обл., Дружківська міська рада"
Радикальна партія Олега Ляшка,  11.11,"Донецька обл., Дружківська міська рада"
"ПАРТІЯ ""БЛОК ПЕТРА ПОРОШЕНКА ""СОЛІДАРНІСТЬ""",   8.33,"Донецька обл., Дружківська міська рада"
"ПАРТІЯ ""БЛОК ПЕТРА ПОРОШЕНКА ""СОЛІДАРНІСТЬ""",  11.11,"Донецька обл., Слов'янська міська рада"
"Політична партія ""Наш край""",  11.11,"Донецька обл., Слов'янська міська рада"
"Політична партія ""Наш край""",  23.53,"Донецька обл., Селидівська міська рада"
"ПАРТІЯ ""БЛОК ПЕТРА ПОРОШЕНКА ""СОЛІДАРНІСТЬ""",  14.71,"Донецька обл., Селидівська міська рада"
"політична партія Всеукраїнське об’єднання ""Батьківщина""",   8.82,"Донецька обл., Селидівська міська рада"
"ПАРТІЯ ""БЛОК ПЕТРА ПОРОШЕНКА ""СОЛІДАРНІСТЬ""",   3.85,"Донецька обл., Новогродівська міська рада"
"Політична партія ""Наш край""",  23.81,"Донецька обл., Краматорська міська рада"
"ПАРТІЯ ""БЛОК ПЕТРА ПОРОШЕНКА ""СОЛІДАРНІСТЬ""",  11.90,"Донецька обл., Краматорська міська рада"
Партія Пенсіонерів України,   7.14,"Донецька обл., Краматорська міська рада"
"політична партія Всеукраїнське об’єднання ""Батьківщина""",   5.56,"Донецька обл., Дружківська міська рада"
Аграрна партія України,   8.33,"Донецька обл., Слов'янська міська рада"
"Політична партія ""Об’єднання ""САМОПОМІЧ""",   8.33,"Донецька обл., Слов'янська міська рада"
Радикальна партія Олега Ляшка,   5.88,"Донецька обл., Селидівська міська рада"
"Політична Партія ""Опозиційний блок""",  55.88,"Донецька обл., Добропільська міська рада"
"Політична партія ""Наш край""",  14.71,"Донецька обл., Добропільська міська рада"
"""Жінки за майбутнє"" Всеукраїнське політичне об’єднання",  14.71,"Донецька обл., Добропільська міська рада"
"Політична Партія ""Опозиційний блок""",  64.71,"Донецька обл., Димитровська міська рада"
"Політична Партія ""Опозиційний блок""",  50.00,"Дніпропетровська обл., Павлоградська міська рада"
"Партія ""Відродження""",  35.29,"Дніпропетровська обл., Орджонікідзевська міська рада"
"Політична партія ""Сила людей""",   8.82,"Донецька обл., Добропільська міська рада"
"ПАРТІЯ ""БЛОК ПЕТРА ПОРОШЕНКА ""СОЛІДАРНІСТЬ""",   5.88,"Донецька обл., Добропільська міська рада"
"Політична Партія ""Опозиційний блок""",  58.82,"Дніпропетровська обл., Тернівська міська рада"
"ПАРТІЯ ""БЛОК ПЕТРА ПОРОШЕНКА ""СОЛІДАРНІСТЬ""",   8.82,"Донецька обл., Димитровська міська рада"
"Політична партія ""Наш край""",   5.88,"Донецька обл., Димитровська міська рада"
"політична партія Всеукраїнське об’єднання ""Батьківщина""",   5.88,"Донецька обл., Димитровська міська рада"
"ПОЛІТИЧНА ПАРТІЯ ""УКРАЇНСЬКЕ ОБ’ЄДНАННЯ ПАТРІОТІВ – УКРОП""",  22.22,"Дніпропетровська обл., Павлоградська міська рада"
"ПАРТІЯ ""БЛОК ПЕТРА ПОРОШЕНКА ""СОЛІДАРНІСТЬ""",   8.33,"Дніпропетровська обл., Павлоградська міська рада"
"Політична Партія ""Опозиційний блок""",  23.53,"Дніпропетровська обл., Орджонікідзевська міська рада"
"ПОЛІТИЧНА ПАРТІЯ ""УКРАЇНСЬКЕ ОБ’ЄДНАННЯ ПАТРІОТІВ – УКРОП""",  17.65,"Дніпропетровська обл., Орджонікідзевська міська рада"
"ПАРТІЯ ""БЛОК ПЕТРА ПОРОШЕНКА ""СОЛІДАРНІСТЬ""",   8.82,"Дніпропетровська обл., Орджонікідзевська міська рада"
"Партія ""Відродження""",  35.29,"Дніпропетровська обл., Синельниківська міська рада"
"ПАРТІЯ ""БЛОК ПЕТРА ПОРОШЕНКА ""СОЛІДАРНІСТЬ""",  26.19,"Житомирська обл., Житомирська міська рада"
"Політична Партія ""Опозиційний блок""",  44.12,"Дніпропетровська обл., Першотравенська міська рада"
"Партія ""Відродження""",   8.82,"Дніпропетровська обл., Тернівська міська рада"
"ПАРТІЯ ""БЛОК ПЕТРА ПОРОШЕНКА ""СОЛІДАРНІСТЬ""",   8.82,"Дніпропетровська обл., Тернівська міська рада"
Радикальна партія Олега Ляшка,   5.88,"Дніпропетровська обл., Тернівська міська рада"
"Партія ""Відродження""",   5.88,"Донецька обл., Димитровська міська рада"
"Партія ""Відродження""",   8.33,"Дніпропетровська обл., Павлоградська міська рада"
"політична партія Всеукраїнське об’єднання ""Батьківщина""",   5.56,"Дніпропетровська обл., Павлоградська міська рада"
"політична партія Всеукраїнське об’єднання ""Батьківщина""",   8.82,"Дніпропетровська обл., Орджонікідзевська міська рада"
Радикальна партія Олега Ляшка,   5.88,"Дніпропетровська обл., Орджонікідзевська міська рада"
"Політична Партія ""Опозиційний блок""",  26.47,"Дніпропетровська обл., Синельниківська міська рада"
"ПОЛІТИЧНА ПАРТІЯ ""УКРАЇНСЬКЕ ОБ’ЄДНАННЯ ПАТРІОТІВ – УКРОП""",  11.76,"Дніпропетровська обл., Синельниківська міська рада"
"політична партія Всеукраїнське об’єднання ""Батьківщина""",  11.76,"Дніпропетровська обл., Синельниківська міська рада"
"політична партія Всеукраїнське об’єднання ""Батьківщина""",  23.81,"Житомирська обл., Житомирська міська рада"
"Політична партія ""Об’єднання ""САМОПОМІЧ""",  16.67,"Житомирська обл., Житомирська міська рада"
"ПОЛІТИЧНА ПАРТІЯ ""УКРАЇНСЬКЕ ОБ’ЄДНАННЯ ПАТРІОТІВ – УКРОП""",  17.65,"Дніпропетровська обл., Першотравенська міська рада"
"Партія ""Відродження""",  14.71,"Дніпропетровська обл., Першотравенська міська рада"
"ПАРТІЯ ""БЛОК ПЕТРА ПОРОШЕНКА ""СОЛІДАРНІСТЬ""",  11.76,"Дніпропетровська обл., Першотравенська міська рада"
"ПОЛІТИЧНА ПАРТІЯ ""УКРАЇНСЬКЕ ОБ’ЄДНАННЯ ПАТРІОТІВ – УКРОП""",   5.88,"Дніпропетровська обл., Тернівська міська рада"
"Політична партія ""Громадянська позиція""",   5.88,"Дніпропетровська обл., Тернівська міська рада"
"Політична партія ""Об’єднання ""САМОПОМІЧ""",   5.56,"Дніпропетровська обл., Павлоградська міська рада"
"ПАРТІЯ ""БЛОК ПЕТРА ПОРОШЕНКА ""СОЛІДАРНІСТЬ""",   8.82,"Дніпропетровська обл., Синельниківська міська рада"
Радикальна партія Олега Ляшка,   5.88,"Дніпропетровська обл., Синельниківська міська рада"
"політична партія Всеукраїнське об’єднання ""Свобода""",  11.90,"Житомирська обл., Житомирська міська рада"
"Політична Партія ""Опозиційний блок""",  11.90,"Житомирська обл., Житомирська міська рада"
Радикальна партія Олега Ляшка,   5.88,"Дніпропетровська обл., Першотравенська міська рада"
"політична партія Всеукраїнське об’єднання ""Батьківщина""",   5.88,"Дніпропетровська обл., Першотравенська міська рада"
"політична партія Всеукраїнське об’єднання ""Батьківщина""",   5.88,"Дніпропетровська обл., Тернівська міська рада"
"Політична Партія ""Опозиційний блок""",  36.11,"Дніпропетровська обл., Новомосковська міська рада"
"Партія ""Відродження""",  28.57,"Дніпропетровська обл., Нікопольська міська рада"
"Політична Партія ""Опозиційний блок""",  23.53,"Дніпропетровська обл., Марганецька міська рада"
Радикальна партія Олега Ляшка,   9.52,"Житомирська обл., Житомирська міська рада"
"Політична Партія ""Опозиційний блок""",  45.31,"Дніпропетровська обл., Криворізька міська рада"
"ПОЛІТИЧНА ПАРТІЯ ""УКРАЇНСЬКЕ ОБ’ЄДНАННЯ ПАТРІОТІВ – УКРОП""",  29.41,"Дніпропетровська обл., Жовтоводська міська рада"
"ПАРТІЯ ""БЛОК ПЕТРА ПОРОШЕНКА ""СОЛІДАРНІСТЬ""",  16.67,"Дніпропетровська обл., Новомосковська міська рада"
"ПОЛІТИЧНА ПАРТІЯ ""УКРАЇНСЬКЕ ОБ’ЄДНАННЯ ПАТРІОТІВ – УКРОП""",  11.11,"Дніпропетровська обл., Новомосковська міська рада"
"Партія ""Відродження""",  11.11,"Дніпропетровська обл., Новомосковська міська рада"
"Політична Партія ""Опозиційний блок""",  26.19,"Дніпропетровська обл., Дніпродзержинська міська рада"
"ПОЛІТИЧНА ПАРТІЯ ""УКРАЇНСЬКЕ ОБ’ЄДНАННЯ ПАТРІОТІВ – УКРОП""",  19.05,"Дніпропетровська обл., Нікопольська міська рада"
"ПАРТІЯ ""БЛОК ПЕТРА ПОРОШЕНКА ""СОЛІДАРНІСТЬ""",  16.67,"Дніпропетровська обл., Нікопольська міська рада"
"політична партія Всеукраїнське об’єднання ""Батьківщина""",  14.71,"Дніпропетровська обл., Марганецька міська рада"
"ПОЛІТИЧНА ПАРТІЯ ""УКРАЇНСЬКЕ ОБ’ЄДНАННЯ ПАТРІОТІВ – УКРОП""",  14.71,"Дніпропетровська обл., Марганецька міська рада"
"Партія ""Відродження""",  11.76,"Дніпропетровська обл., Марганецька міська рада"
"Політична партія ""Об’єднання ""САМОПОМІЧ""",  10.94,"Дніпропетровська обл., Криворізька міська рада"
"ПОЛІТИЧНА ПАРТІЯ ""УКРАЇНСЬКЕ ОБ’ЄДНАННЯ ПАТРІОТІВ – УКРОП""",  10.94,"Дніпропетровська обл., Криворізька міська рада"
"ПАРТІЯ ""БЛОК ПЕТРА ПОРОШЕНКА ""СОЛІДАРНІСТЬ""",   9.38,"Дніпропетровська обл., Криворізька міська рада"
"Політична Партія ""Опозиційний блок""",  20.59,"Дніпропетровська обл., Жовтоводська міська рада"
Радикальна партія Олега Ляшка,  14.71,"Дніпропетровська обл., Жовтоводська міська рада"
Партія Зелених України,  11.11,"Дніпропетровська обл., Новомосковська міська рада"
"політична партія Всеукраїнське об’єднання ""Батьківщина""",   8.33,"Дніпропетровська обл., Новомосковська міська рада"
Радикальна партія Олега Ляшка,   5.56,"Дніпропетровська обл., Новомосковська міська рада"
"ПОЛІТИЧНА ПАРТІЯ ""УКРАЇНСЬКЕ ОБ’ЄДНАННЯ ПАТРІОТІВ – УКРОП""",  14.29,"Дніпропетровська обл., Дніпродзержинська міська рада"
"ПАРТІЯ ""БЛОК ПЕТРА ПОРОШЕНКА ""СОЛІДАРНІСТЬ""",  11.90,"Дніпропетровська обл., Дніпродзержинська міська рада"
"ПОЛІТИЧНА ПАРТІЯ ""ГРОМАДСЬКИЙ РУХ ""НАРОДНИЙ КОНТРОЛЬ"" ",   9.52,"Дніпропетровська обл., Дніпродзержинська міська рада"
"Політична Партія ""Опозиційний блок""",  14.29,"Дніпропетровська обл., Нікопольська міська рада"
"політична партія Всеукраїнське об’єднання ""Батьківщина""",  11.90,"Дніпропетровська обл., Нікопольська міська рада"
"ПАРТІЯ ""БЛОК ПЕТРА ПОРОШЕНКА ""СОЛІДАРНІСТЬ""",  38.24,"Житомирська обл., Малинська міська рада"
"ПАРТІЯ ""БЛОК ПЕТРА ПОРОШЕНКА ""СОЛІДАРНІСТЬ""",  11.76,"Дніпропетровська обл., Марганецька міська рада"
"Політична партія ""Об’єднання ""САМОПОМІЧ""",   5.88,"Дніпропетровська обл., Марганецька міська рада"
Радикальна партія Олега Ляшка,   5.88,"Дніпропетровська обл., Марганецька міська рада"
"політична партія Всеукраїнське об’єднання ""Батьківщина""",   9.38,"Дніпропетровська обл., Криворізька міська рада"
Радикальна партія Олега Ляшка,   7.81,"Дніпропетровська обл., Криворізька міська рада"
"Політична партія ""Сила людей""",   6.25,"Дніпропетровська обл., Криворізька міська рада"
"політична партія Всеукраїнське об’єднання ""Батьківщина""",  11.76,"Дніпропетровська обл., Жовтоводська міська рада"
"ПАРТІЯ ""БЛОК ПЕТРА ПОРОШЕНКА ""СОЛІДАРНІСТЬ""",  11.76,"Дніпропетровська обл., Жовтоводська міська рада"
"Партія ""Відродження""",  11.76,"Дніпропетровська обл., Жовтоводська міська рада"
"Партія ""Відродження""",   9.52,"Дніпропетровська обл., Дніпродзержинська міська рада"
"політична партія Всеукраїнське об’єднання ""Батьківщина""",   9.52,"Дніпропетровська обл., Дніпродзержинська міська рада"
"Політична партія ""Об’єднання ""САМОПОМІЧ""",   7.14,"Дніпропетровська обл., Дніпродзержинська міська рада"
"Партія ""Громадська сила""",   9.52,"Дніпропетровська обл., Нікопольська міська рада"
"політична партія Всеукраїнське об’єднання ""Батьківщина""",  26.47,"Житомирська обл., Малинська міська рада"
Народна Партія,  11.76,"Житомирська обл., Малинська міська рада"
"Політична партія ""Сила людей""",   8.82,"Житомирська обл., Малинська міська рада"
Партія захисників Вітчизни,   5.88,"Дніпропетровська обл., Марганецька міська рада"
"ПОЛІТИЧНА ПАРТІЯ ""ГРОМАДСЬКИЙ РУХ ""НАРОДНИЙ КОНТРОЛЬ"" ",   5.88,"Дніпропетровська обл., Марганецька міська рада"
"Політична Партія ""Опозиційний блок""",  38.46,"Донецька обл., Вугледарська міська рада"
"Політична партія ""Наш край""",   7.14,"Дніпропетровська обл., Дніпродзержинська міська рада"
"політична партія Всеукраїнське об’єднання ""Свобода""",   4.76,"Дніпропетровська обл., Дніпродзержинська міська рада"
"Політична Партія ""Опозиційний блок""",  23.08,"Дніпропетровська обл., Вільногірська міська рада"
"ПОЛІТИЧНА ПАРТІЯ ""УКРАЇНСЬКЕ ОБ’ЄДНАННЯ ПАТРІОТІВ – УКРОП""",   8.82,"Житомирська обл., Малинська міська рада"
Радикальна партія Олега Ляшка,   5.88,"Житомирська обл., Малинська міська рада"
"Політична Партія ""Опозиційний блок""",  39.06,"Дніпропетровська обл., Дніпропетровська міська рада"
"Політична партія ""Наш край""",  34.62,"Донецька обл., Вугледарська міська рада"
"ПАРТІЯ ""БЛОК ПЕТРА ПОРОШЕНКА ""СОЛІДАРНІСТЬ""",  11.54,"Донецька обл., Вугледарська міська рада"
"політична партія Всеукраїнське об’єднання ""Батьківщина""",  15.38,"Дніпропетровська обл., Вільногірська міська рада"
"ПОЛІТИЧНА ПАРТІЯ ""УКРАЇНСЬКЕ ОБ’ЄДНАННЯ ПАТРІОТІВ – УКРОП""",  15.38,"Дніпропетровська обл., Вільногірська міська рада"
"ПОЛІТИЧНА ПАРТІЯ ""УКРАЇНСЬКЕ ОБ’ЄДНАННЯ ПАТРІОТІВ – УКРОП""",  32.81,"Дніпропетровська обл., Дніпропетровська міська рада"
"Партія ""Громадська сила""",  10.94,"Дніпропетровська обл., Дніпропетровська міська рада"
"ПАРТІЯ ""БЛОК ПЕТРА ПОРОШЕНКА ""СОЛІДАРНІСТЬ""",   9.38,"Дніпропетровська обл., Дніпропетровська міська рада"
"Політична партія ""Об’єднання ""САМОПОМІЧ""",   7.81,"Дніпропетровська обл., Дніпропетровська міська рада"
"політична партія Всеукраїнське об’єднання ""Батьківщина""",  11.54,"Донецька обл., Вугледарська міська рада"
Ліберальна партія України,   3.85,"Донецька обл., Вугледарська міська рада"
"Партія ""Відродження""",  11.54,"Дніпропетровська обл., Вільногірська міська рада"
Радикальна партія Олега Ляшка,  11.54,"Дніпропетровська обл., Вільногірська міська рада"
"Політична партія ""Сила людей""",   7.69,"Дніпропетровська обл., Вільногірська міська рада"
"Політична партія ""Партія місцевого самоврядування""",   7.69,"Дніпропетровська обл., Вільногірська міська рада"
"ПАРТІЯ ""БЛОК ПЕТРА ПОРОШЕНКА ""СОЛІДАРНІСТЬ""",   7.69,"Дніпропетровська обл., Вільногірська міська рада"
"політична партія Всеукраїнське об’єднання ""Батьківщина""",  30.77,"Чернівецька обл., Новодністровська міська рада"
"ПАРТІЯ ""БЛОК ПЕТРА ПОРОШЕНКА ""СОЛІДАРНІСТЬ""",  23.08,"Чернівецька обл., Новодністровська міська рада"
Українська Народна Партія,   7.69,"Чернівецька обл., Новодністровська міська рада"
"політична партія Всеукраїнське об’єднання ""Свобода""",  23.81,"Хмельницька обл., Хмельницька міська рада"
"ПАРТІЯ ""БЛОК ПЕТРА ПОРОШЕНКА ""СОЛІДАРНІСТЬ""",  17.65,"Хмельницька обл., Старокостянтинівська міська рада"
"Політична партія ""Наш край""",  28.57,"Чернігівська обл., Чернігівська міська рада"
Партія Вільних демократів,  19.05,"Черкаська обл., Черкаська міська рада"
"Політична партія ""Нова держава""",   7.69,"Чернівецька обл., Новодністровська міська рада"
"Політична партія ""Сила людей""",   7.69,"Чернівецька обл., Новодністровська міська рада"
"Політична партія ""Рідне місто""",  23.81,"Чернівецька обл., Чернівецька міська рада"
"Політична партія ""Об’єднання ""САМОПОМІЧ""",  21.43,"Хмельницька обл., Хмельницька міська рада"
"ПАРТІЯ ""БЛОК ПЕТРА ПОРОШЕНКА ""СОЛІДАРНІСТЬ""",  16.67,"Хмельницька обл., Хмельницька міська рада"
"Політична партія ""Сила людей""",  14.71,"Хмельницька обл., Старокостянтинівська міська рада"
"політична партія Всеукраїнське об’єднання ""Свобода""",  11.76,"Хмельницька обл., Старокостянтинівська міська рада"
"політична партія Всеукраїнське об’єднання ""Батьківщина""",  11.76,"Хмельницька обл., Старокостянтинівська міська рада"
"ПАРТІЯ ""БЛОК ПЕТРА ПОРОШЕНКА ""СОЛІДАРНІСТЬ""",  21.43,"Чернігівська обл., Чернігівська міська рада"
"політична партія Всеукраїнське об’єднання ""Батьківщина""",  16.67,"Чернігівська обл., Чернігівська міська рада"
"Політична партія ""Об’єднання ""САМОПОМІЧ""",  11.90,"Чернігівська обл., Чернігівська міська рада"
"ПАРТІЯ ""БЛОК ПЕТРА ПОРОШЕНКА ""СОЛІДАРНІСТЬ""",  14.29,"Черкаська обл., Черкаська міська рада"
"політична партія Всеукраїнське об’єднання ""Батьківщина""",  14.29,"Черкаська обл., Черкаська міська рада"
"Політична партія ""Об’єднання ""САМОПОМІЧ""",  11.90,"Черкаська обл., Черкаська міська рада"
Аграрна партія України,   7.69,"Чернівецька обл., Новодністровська міська рада"
"Політична партія ""Громадянська позиція""",   7.69,"Чернівецька обл., Новодністровська міська рада"
"Політична партія ""АВТО-МАЙДАН""",   7.69,"Чернівецька обл., Новодністровська міська рада"
"ПАРТІЯ ""БЛОК ПЕТРА ПОРОШЕНКА ""СОЛІДАРНІСТЬ""",  21.43,"Чернівецька обл., Чернівецька міська рада"
"політична партія Всеукраїнське об’єднання ""Батьківщина""",  16.67,"Чернівецька обл., Чернівецька міська рада"
"Політична партія ""Об’єднання ""САМОПОМІЧ""",  14.29,"Чернівецька обл., Чернівецька міська рада"
"Політична партія ""Наш край""",  23.08,"Чернігівська обл., Новгород-Сіверська міська рада"
"ПОЛІТИЧНА ПАРТІЯ ""ЗА КОНКРЕТНІ СПРАВИ"" ",  14.29,"Хмельницька обл., Хмельницька міська рада"
"політична партія Всеукраїнське об’єднання ""Батьківщина""",  14.29,"Хмельницька обл., Хмельницька міська рада"
"політична партія Всеукраїнське об’єднання ""Свобода""",  20.59,"Хмельницька обл., Шепетівська міська рада"
"Партія ""Відродження""",   8.82,"Хмельницька обл., Старокостянтинівська міська рада"
"Політична Партія ""Опозиційний блок""",   7.14,"Чернігівська обл., Чернігівська міська рада"
"політична партія Всеукраїнське об’єднання ""Свобода""",  11.90,"Черкаська обл., Черкаська міська рада"
"політична партія Всеукраїнське об’єднання ""ЧЕРКАЩАНИ""",  11.90,"Черкаська обл., Черкаська міська рада"
"політична партія Всеукраїнське об’єднання ""Свобода""",  11.90,"Чернівецька обл., Чернівецька міська рада"
"ПОЛІТИЧНА ПАРТІЯ ""ГРОМАДСЬКИЙ РУХ ""НАРОДНИЙ КОНТРОЛЬ"" ",  11.90,"Чернівецька обл., Чернівецька міська рада"
"Політична Партія ""Опозиційний блок""",  19.23,"Чернігівська обл., Новгород-Сіверська міська рада"
"ПАРТІЯ ""БЛОК ПЕТРА ПОРОШЕНКА ""СОЛІДАРНІСТЬ""",  19.23,"Чернігівська обл., Новгород-Сіверська міська рада"
"політична партія Всеукраїнське об’єднання ""Батьківщина""",  15.38,"Чернігівська обл., Новгород-Сіверська міська рада"
"ПОЛІТИЧНА ПАРТІЯ ""ПОРУЧ""",   9.52,"Хмельницька обл., Хмельницька міська рада"
Аграрна партія України,  20.59,"Хмельницька обл., Шепетівська міська рада"
"ПАРТІЯ ""БЛОК ПЕТРА ПОРОШЕНКА ""СОЛІДАРНІСТЬ""",  17.65,"Хмельницька обл., Шепетівська міська рада"
"політична партія Всеукраїнське об’єднання ""Батьківщина""",   8.82,"Хмельницька обл., Шепетівська міська рада"
"Політична Партія ""Опозиційний блок""",   8.82,"Хмельницька обл., Старокостянтинівська міська рада"
Аграрна партія України,   8.82,"Хмельницька обл., Старокостянтинівська міська рада"
"ПОЛІТИЧНА ПАРТІЯ ""ЗА КОНКРЕТНІ СПРАВИ"" ",   8.82,"Хмельницька обл., Старокостянтинівська міська рада"
"політична партія Всеукраїнське об’єднання ""Батьківщина""",  23.53,"Хмельницька обл., Славутська міська рада"
політична партія ДемАльянс (Демократичний альянс),   7.14,"Чернігівська обл., Чернігівська міська рада"
Радикальна партія Олега Ляшка,   7.14,"Чернігівська обл., Чернігівська міська рада"
"ПОЛІТИЧНА ПАРТІЯ ""УКРАЇНСЬКЕ ОБ’ЄДНАННЯ ПАТРІОТІВ – УКРОП""",   9.52,"Черкаська обл., Черкаська міська рада"
Радикальна партія Олега Ляшка,   7.14,"Черкаська обл., Черкаська міська рада"
"Політична партія ""Воля""",  29.41,"Хмельницька обл., Нетішинська міська рада"
"ПАРТІЯ ""БЛОК ПЕТРА ПОРОШЕНКА ""СОЛІДАРНІСТЬ""",  22.22,"Хмельницька обл., Кам'янець-Подільська міська рада"
"Політична партія ""Партія місцевого самоврядування""",  22.22,"Херсонська обл., Новокаховська міська рада"
"Політична Партія ""Опозиційний блок""",  23.53,"Херсонська обл., Каховська міська рада"
"ПАРТІЯ ""БЛОК ПЕТРА ПОРОШЕНКА ""СОЛІДАРНІСТЬ""",  20.37,"Херсонська обл., Херсонська міська рада"
Радикальна партія Олега Ляшка,  15.38,"Чернігівська обл., Новгород-Сіверська міська рада"
Аграрна партія України,   7.69,"Чернігівська обл., Новгород-Сіверська міська рада"
"політична партія Всеукраїнське об’єднання ""Батьківщина""",  30.77,"Херсонська обл., Голопристанська міська рада"
"Партія ""Відродження""",  33.33,"Черкаська обл., Уманська міська рада"
Радикальна партія Олега Ляшка,   8.82,"Хмельницька обл., Шепетівська міська рада"
"ПОЛІТИЧНА ПАРТІЯ ""ЗА КОНКРЕТНІ СПРАВИ"" ",   8.82,"Хмельницька обл., Шепетівська міська рада"
"ПОЛІТИЧНА ПАРТІЯ ""УКРАЇНСЬКЕ ОБ’ЄДНАННЯ ПАТРІОТІВ – УКРОП""",   8.82,"Хмельницька обл., Старокостянтинівська міська рада"
"ПАРТІЯ ""БЛОК ПЕТРА ПОРОШЕНКА ""СОЛІДАРНІСТЬ""",  17.65,"Хмельницька обл., Славутська міська рада"
"Політична партія ""Об’єднання ""САМОПОМІЧ""",  14.71,"Хмельницька обл., Славутська міська рада"
"ПОЛІТИЧНА ПАРТІЯ ""ЗА КОНКРЕТНІ СПРАВИ"" ",  11.76,"Хмельницька обл., Славутська міська рада"
"політична партія Всеукраїнське об’єднання ""Свобода""",  14.71,"Хмельницька обл., Нетішинська міська рада"
"ПОЛІТИЧНА ПАРТІЯ ""ГРОМАДСЬКИЙ РУХ ""НАРОДНИЙ КОНТРОЛЬ"" ",  14.71,"Хмельницька обл., Нетішинська міська рада"
"ПАРТІЯ ""БЛОК ПЕТРА ПОРОШЕНКА ""СОЛІДАРНІСТЬ""",  14.71,"Хмельницька обл., Нетішинська міська рада"
"політична партія Всеукраїнське об’єднання ""Батьківщина""",  11.76,"Хмельницька обл., Нетішинська міська рада"
"політична партія Всеукраїнське об’єднання ""Свобода""",  16.67,"Хмельницька обл., Кам'янець-Подільська міська рада"
"політична партія Всеукраїнське об’єднання ""Батьківщина""",  16.67,"Хмельницька обл., Кам'янець-Подільська міська рада"
"ПОЛІТИЧНА ПАРТІЯ ""УКРАЇНСЬКЕ ОБ’ЄДНАННЯ ПАТРІОТІВ – УКРОП""",   8.33,"Хмельницька обл., Кам'янець-Подільська міська рада"
"Політична Партія ""Опозиційний блок""",  16.67,"Херсонська обл., Новокаховська міська рада"
"ПАРТІЯ ""БЛОК ПЕТРА ПОРОШЕНКА ""СОЛІДАРНІСТЬ""",  16.67,"Херсонська обл., Новокаховська міська рада"
"політична партія Всеукраїнське об’єднання ""Батьківщина""",  11.11,"Херсонська обл., Новокаховська міська рада"
"ПАРТІЯ ""БЛОК ПЕТРА ПОРОШЕНКА ""СОЛІДАРНІСТЬ""",  23.53,"Херсонська обл., Каховська міська рада"
"Політична партія ""Об’єднання ""САМОПОМІЧ""",  14.71,"Херсонська обл., Каховська міська рада"
"політична партія Всеукраїнське об’єднання ""Батьківщина""",  11.76,"Херсонська обл., Каховська міська рада"
Радикальна партія Олега Ляшка,   8.82,"Херсонська обл., Каховська міська рада"
"Політична партія ""Наш край""",  16.67,"Херсонська обл., Херсонська міська рада"
"Політична Партія ""Опозиційний блок""",  16.67,"Херсонська обл., Херсонська міська рада"
"Політична партія ""Об’єднання ""САМОПОМІЧ""",  12.96,"Херсонська обл., Херсонська міська рада"
"Політична партія ""Наш край""",  19.23,"Херсонська обл., Голопристанська міська рада"
"ПАРТІЯ ""БЛОК ПЕТРА ПОРОШЕНКА ""СОЛІДАРНІСТЬ""",  19.23,"Херсонська обл., Голопристанська міська рада"
Радикальна партія Олега Ляшка,  11.54,"Херсонська обл., Голопристанська міська рада"
"Політична Партія ""Опозиційний блок""",  11.54,"Херсонська обл., Голопристанська міська рада"
"ПАРТІЯ ""БЛОК ПЕТРА ПОРОШЕНКА ""СОЛІДАРНІСТЬ""",  25.00,"Черкаська обл., Уманська міська рада"
"політична партія Всеукраїнське об’єднання ""Свобода""",  11.11,"Черкаська обл., Уманська міська рада"
"Політична партія ""Об’єднання ""САМОПОМІЧ""",   8.82,"Хмельницька обл., Шепетівська міська рада"
"ПОЛІТИЧНА ПАРТІЯ ""СИЛА ГРОМАД""",   5.88,"Хмельницька обл., Шепетівська міська рада"
"політична партія Всеукраїнське об’єднання ""Свобода""",  11.76,"Хмельницька обл., Славутська міська рада"
Радикальна партія Олега Ляшка,   8.82,"Хмельницька обл., Славутська міська рада"
"ПОЛІТИЧНА ПАРТІЯ ""ГРОМАДСЬКИЙ РУХ ""НАРОДНИЙ КОНТРОЛЬ"" ",   5.88,"Хмельницька обл., Славутська міська рада"
"ПОЛІТИЧНА ПАРТІЯ ""ЗА КОНКРЕТНІ СПРАВИ"" ",   8.82,"Хмельницька обл., Нетішинська міська рада"
"ПОЛІТИЧНА ПАРТІЯ ""УКРАЇНСЬКЕ ОБ’ЄДНАННЯ ПАТРІОТІВ – УКРОП""",   5.88,"Хмельницька обл., Нетішинська міська рада"
"ПОЛІТИЧНА ПАРТІЯ ""ЗА КОНКРЕТНІ СПРАВИ"" ",   8.33,"Хмельницька обл., Кам'янець-Подільська міська рада"
"Політична партія ""Рідне місто""",   8.33,"Хмельницька обл., Кам'янець-Подільська міська рада"
Радикальна партія Олега Ляшка,   8.33,"Хмельницька обл., Кам'янець-Подільська міська рада"
"Політична партія ""Совість України""",  11.11,"Херсонська обл., Новокаховська міська рада"
"Політична партія ""Наш край""",   8.33,"Херсонська обл., Новокаховська міська рада"
"ПОЛІТИЧНА ПАРТІЯ ""УКРАЇНСЬКЕ ОБ’ЄДНАННЯ ПАТРІОТІВ – УКРОП""",   8.33,"Херсонська обл., Новокаховська міська рада"
"Партія ""Відродження""",   5.88,"Херсонська обл., Каховська міська рада"
"Політична партія ""Союз Лівих Сил""",   5.88,"Херсонська обл., Каховська міська рада"
"ПОЛІТИЧНА ПАРТІЯ ""УКРАЇНСЬКЕ ОБ’ЄДНАННЯ ПАТРІОТІВ – УКРОП""",   5.88,"Херсонська обл., Каховська міська рада"
"політична партія Всеукраїнське об’єднання ""Батьківщина""",  11.11,"Херсонська обл., Херсонська міська рада"
"ПОЛІТИЧНА ПАРТІЯ ""УКРАЇНСЬКЕ ОБ’ЄДНАННЯ ПАТРІОТІВ – УКРОП""",   9.26,"Херсонська обл., Херсонська міська рада"
"політична партія Всеукраїнське об’єднання ""Свобода""",   7.41,"Херсонська обл., Херсонська міська рада"
"політична партія Всеукраїнське об’єднання ""Свобода""",   7.69,"Херсонська обл., Голопристанська міська рада"
"Українська партія ""Єдність""",  47.06,"Миколаївська обл., Южноукраїнська міська рада"
"ПАРТІЯ ""БЛОК ПЕТРА ПОРОШЕНКА ""СОЛІДАРНІСТЬ""",  25.00,"Миколаївська обл., Первомайська міська рада"
"Політична Партія ""Опозиційний блок""",  19.23,"Миколаївська обл., Очаківська міська рада"
"Політична партія ""Об’єднання ""САМОПОМІЧ""",   8.33,"Черкаська обл., Уманська міська рада"
"політична партія Всеукраїнське об’єднання ""Батьківщина""",   8.33,"Черкаська обл., Уманська міська рада"
"Політична партія ""Наш край""",   8.33,"Черкаська обл., Уманська міська рада"
"ПОЛІТИЧНА ПАРТІЯ ""УКРАЇНСЬКЕ ОБ’ЄДНАННЯ ПАТРІОТІВ – УКРОП""",   5.56,"Черкаська обл., Уманська міська рада"
"Політична Партія ""Опозиційний блок""",  20.59,"Миколаївська обл., Вознесенська міська рада"
"Політична Партія ""Опозиційний блок""",  48.15,"Миколаївська обл., Миколаївська міська рада"
"ПОЛІТИЧНА ПАРТІЯ ""УКРАЇНСЬКЕ ОБ’ЄДНАННЯ ПАТРІОТІВ – УКРОП""",   2.94,"Хмельницька обл., Славутська міська рада"
"політична партія Всеукраїнське об’єднання ""Свобода""",  30.95,"Тернопільська обл., Тернопільська міська рада"
"Партія ""Відродження""",   5.56,"Хмельницька обл., Кам'янець-Подільська міська рада"
Народна Партія,   5.56,"Хмельницька обл., Кам'янець-Подільська міська рада"
"Партія ""Відродження""",   5.56,"Херсонська обл., Новокаховська міська рада"
Радикальна партія Олега Ляшка,   5.56,"Херсонська обл., Херсонська міська рада"
"Політична Партія ""Опозиційний блок""",  11.76,"Миколаївська обл., Южноукраїнська міська рада"
"Політична партія ""Наш край""",  11.76,"Миколаївська обл., Южноукраїнська міська рада"
"ПАРТІЯ ""БЛОК ПЕТРА ПОРОШЕНКА ""СОЛІДАРНІСТЬ""",  11.76,"Миколаївська обл., Южноукраїнська міська рада"
"Політична Партія ""Опозиційний блок""",  19.44,"Миколаївська обл., Первомайська міська рада"
"політична партія Всеукраїнське об’єднання ""Батьківщина""",  19.44,"Миколаївська обл., Первомайська міська рада"
"Політична партія ""Наш край""",  16.67,"Миколаївська обл., Первомайська міська рада"
"Політична партія ""Наш край""",  19.23,"Миколаївська обл., Очаківська міська рада"
"ПАРТІЯ ""БЛОК ПЕТРА ПОРОШЕНКА ""СОЛІДАРНІСТЬ""",  19.23,"Миколаївська обл., Очаківська міська рада"
"Політична партія ""Нова держава""",  15.38,"Миколаївська обл., Очаківська міська рада"
"Партія ""Відродження""",  11.54,"Миколаївська обл., Очаківська міська рада"
"політична партія Всеукраїнське об’єднання ""Батьківщина""",  11.54,"Миколаївська обл., Очаківська міська рада"
"Партія ""Відродження""",  14.71,"Миколаївська обл., Вознесенська міська рада"
"Політична партія ""Наш край""",  14.71,"Миколаївська обл., Вознесенська міська рада"
"ПАРТІЯ ""БЛОК ПЕТРА ПОРОШЕНКА ""СОЛІДАРНІСТЬ""",  14.71,"Миколаївська обл., Вознесенська міська рада"
"політична партія Всеукраїнське об’єднання ""Батьківщина""",  11.76,"Миколаївська обл., Вознесенська міська рада"
"Політична партія ""Об’єднання ""САМОПОМІЧ""",  18.52,"Миколаївська обл., Миколаївська міська рада"
"ПАРТІЯ ""БЛОК ПЕТРА ПОРОШЕНКА ""СОЛІДАРНІСТЬ""",  16.67,"Миколаївська обл., Миколаївська міська рада"
"Політична партія ""Наш край""",  16.67,"Миколаївська обл., Миколаївська міська рада"
"ПАРТІЯ ""БЛОК ПЕТРА ПОРОШЕНКА ""СОЛІДАРНІСТЬ""",  16.67,"Тернопільська обл., Тернопільська міська рада"
"Політична партія ""Об’єднання ""САМОПОМІЧ""",  16.67,"Тернопільська обл., Тернопільська міська рада"
"політична партія Всеукраїнське об’єднання ""Батьківщина""",   9.52,"Тернопільська обл., Тернопільська міська рада"
"Політична партія ""Громадянська позиція""",   9.52,"Тернопільська обл., Тернопільська міська рада"
"ПОЛІТИЧНА ПАРТІЯ ""ГРОМАДСЬКИЙ РУХ ""НАРОДНИЙ КОНТРОЛЬ"" ",   9.52,"Тернопільська обл., Тернопільська міська рада"
"Політична партія ""Сила людей""",  29.41,"Тернопільська обл., Чортківська міська рада"
"ПАРТІЯ ""БЛОК ПЕТРА ПОРОШЕНКА ""СОЛІДАРНІСТЬ""",  23.08,"Тернопільська обл., Кременецька міська рада"
"ПАРТІЯ ""БЛОК ПЕТРА ПОРОШЕНКА ""СОЛІДАРНІСТЬ""",  23.08,"Тернопільська обл., Бережанська міська рада"
"Політична партія ""Всеукраїнське об’єднання ""ЦЕНТР""",  50.00,"Харківська обл., Чугуївська міська рада"
"ПАРТІЯ ""БЛОК ПЕТРА ПОРОШЕНКА ""СОЛІДАРНІСТЬ""",  35.29,"Харківська обл., Первомайська міська рада"
"політична партія Всеукраїнське об’єднання ""Батьківщина""",   5.88,"Миколаївська обл., Южноукраїнська міська рада"
"політична партія Всеукраїнське об’єднання ""Свобода""",   5.88,"Миколаївська обл., Южноукраїнська міська рада"
"ПОЛІТИЧНА ПАРТІЯ ""УКРАЇНСЬКЕ ОБ’ЄДНАННЯ ПАТРІОТІВ – УКРОП""",   5.88,"Миколаївська обл., Южноукраїнська міська рада"
"Партія ""Відродження""",  35.29,"Харківська обл., Люботинська міська рада"
"Партія ""Відродження""",  58.82,"Харківська обл., Куп'янська міська рада"
"Партія ""Відродження""",   8.33,"Миколаївська обл., Первомайська міська рада"
"політична партія Всеукраїнське об’єднання ""Свобода""",   5.56,"Миколаївська обл., Первомайська міська рада"
"Політична партія ""Нова держава""",   5.56,"Миколаївська обл., Первомайська міська рада"
"ПОЛІТИЧНА ПАРТІЯ ""УКРАЇНСЬКЕ ОБ’ЄДНАННЯ ПАТРІОТІВ – УКРОП""",   3.85,"Миколаївська обл., Очаківська міська рада"
Радикальна партія Олега Ляшка,   8.82,"Миколаївська обл., Вознесенська міська рада"
"ПОЛІТИЧНА ПАРТІЯ ""УКРАЇНСЬКЕ ОБ’ЄДНАННЯ ПАТРІОТІВ – УКРОП""",   8.82,"Миколаївська обл., Вознесенська міська рада"
"Політична партія ""Національна Демократична партія України""",   5.88,"Миколаївська обл., Вознесенська міська рада"
Радикальна партія Олега Ляшка,   7.14,"Тернопільська обл., Тернопільська міська рада"
"політична партія Всеукраїнське об’єднання ""Свобода""",  20.59,"Тернопільська обл., Чортківська міська рада"
"ПАРТІЯ ""БЛОК ПЕТРА ПОРОШЕНКА ""СОЛІДАРНІСТЬ""",  17.65,"Тернопільська обл., Чортківська міська рада"
"Політична партія ""Об’єднання ""САМОПОМІЧ""",  11.76,"Тернопільська обл., Чортківська міська рада"
Радикальна партія Олега Ляшка,  11.76,"Тернопільська обл., Чортківська міська рада"
"політична партія Всеукраїнське об’єднання ""Свобода""",  23.08,"Тернопільська обл., Кременецька міська рада"
"ПОЛІТИЧНА ПАРТІЯ ""ГРОМАДСЬКИЙ РУХ ""НАРОДНИЙ КОНТРОЛЬ"" ",  15.38,"Тернопільська обл., Кременецька міська рада"
"політична партія Всеукраїнське об’єднання ""Батьківщина""",  15.38,"Тернопільська обл., Кременецька міська рада"
"Політична партія ""ПАТРІОТ""",  15.38,"Тернопільська обл., Кременецька міська рада"
"Політична партія ""Громадянська позиція""",   7.69,"Тернопільська обл., Кременецька міська рада"
"політична партія Всеукраїнське об’єднання ""Свобода""",  15.38,"Тернопільська обл., Бережанська міська рада"
"Політична партія ""Об’єднання ""САМОПОМІЧ""",  15.38,"Тернопільська обл., Бережанська міська рада"
"ПОЛІТИЧНА ПАРТІЯ ""ГРОМАДСЬКИЙ РУХ ""НАРОДНИЙ КОНТРОЛЬ"" ",  15.38,"Тернопільська обл., Бережанська міська рада"
"політична партія Всеукраїнське об’єднання ""Батьківщина""",  15.38,"Тернопільська обл., Бережанська міська рада"
Радикальна партія Олега Ляшка,   7.69,"Тернопільська обл., Бережанська міська рада"
"Політична партія ""Наш край""",  20.59,"Харківська обл., Чугуївська міська рада"
"ПАРТІЯ ""БЛОК ПЕТРА ПОРОШЕНКА ""СОЛІДАРНІСТЬ""",  14.71,"Харківська обл., Чугуївська міська рада"
"Партія ""Відродження""",   8.82,"Харківська обл., Чугуївська міська рада"
"Політична партія ""Нова держава""",   5.88,"Харківська обл., Чугуївська міська рада"
"Партія ""Відродження""",  20.59,"Харківська обл., Первомайська міська рада"
"Політична партія ""Наш край""",  17.65,"Харківська обл., Первомайська міська рада"
"політична партія Всеукраїнське об’єднання ""Батьківщина""",  14.71,"Харківська обл., Первомайська міська рада"
"ПОЛІТИЧНА ПАРТІЯ ""СОЦІАЛІСТИ""",   5.88,"Харківська обл., Первомайська міська рада"
"ПОЛІТИЧНА ПАРТІЯ ""ВОЛОНТЕРСЬКА ПАРТІЯ УКРАЇНИ""",   5.88,"Харківська обл., Первомайська міська рада"
"ПАРТІЯ ""БЛОК ПЕТРА ПОРОШЕНКА ""СОЛІДАРНІСТЬ""",  26.47,"Харківська обл., Люботинська міська рада"
"політична партія Всеукраїнське об’єднання ""Батьківщина""",  14.71,"Харківська обл., Люботинська міська рада"
"Політична партія ""Сила людей""",  11.76,"Харківська обл., Люботинська міська рада"
"Політична партія ""Громадянська позиція""",   5.88,"Харківська обл., Люботинська міська рада"
"ПОЛІТИЧНА ПАРТІЯ ""УКРАЇНСЬКЕ ОБ’ЄДНАННЯ ПАТРІОТІВ – УКРОП""",   5.88,"Харківська обл., Люботинська міська рада"
"ПАРТІЯ ""БЛОК ПЕТРА ПОРОШЕНКА ""СОЛІДАРНІСТЬ""",  17.65,"Харківська обл., Куп'янська міська рада"
"Політична партія ""Наш край""",  11.76,"Харківська обл., Куп'янська міська рада"
"політична партія Всеукраїнське об’єднання ""Батьківщина""",   5.88,"Харківська обл., Куп'янська міська рада"
"Партія ""Відродження""",  29.41,"Харківська обл., Ізюмська міська рада"
"Партія ""Відродження""",  67.86,"Харківська обл., Харківська міська рада"
"політична партія Всеукраїнське об’єднання ""Батьківщина""",   8.82,"Тернопільська обл., Чортківська міська рада"
"Політична партія ""Громадянська позиція""",   7.69,"Тернопільська обл., Бережанська міська рада"
Партія ветеранів Афганістану,   5.88,"Харківська обл., Куп'янська міська рада"
"Політична партія ""Нові обличчя""",  26.47,"Харківська обл., Ізюмська міська рада"
"Політична партія ""Нова держава""",  14.71,"Харківська обл., Ізюмська міська рада"
"Політична партія ""Наш край""",   8.82,"Харківська обл., Ізюмська міська рада"
"Політична партія ""Об’єднання ""САМОПОМІЧ""",  15.48,"Харківська обл., Харківська міська рада"
"ПАРТІЯ ""БЛОК ПЕТРА ПОРОШЕНКА ""СОЛІДАРНІСТЬ""",   8.33,"Харківська обл., Харківська міська рада"
"Політична партія ""Наш край""",   8.33,"Харківська обл., Харківська міська рада"
"ПАРТІЯ ""БЛОК ПЕТРА ПОРОШЕНКА ""СОЛІДАРНІСТЬ""",  16.67,"Черкаська обл., Смілянська міська рада"
"ПАРТІЯ ""БЛОК ПЕТРА ПОРОШЕНКА ""СОЛІДАРНІСТЬ""",  20.59,"Черкаська обл., Канівська міська рада"
"ПАРТІЯ ""БЛОК ПЕТРА ПОРОШЕНКА ""СОЛІДАРНІСТЬ""",  38.24,"Черкаська обл., Золотоніська міська рада"
Партія Пенсіонерів України,   8.82,"Харківська обл., Ізюмська міська рада"
"ПАРТІЯ ""БЛОК ПЕТРА ПОРОШЕНКА ""СОЛІДАРНІСТЬ""",   5.88,"Харківська обл., Ізюмська міська рада"
"політична партія Всеукраїнське об’єднання ""Батьківщина""",   5.88,"Харківська обл., Ізюмська міська рада"
"ПАРТІЯ ""БЛОК ПЕТРА ПОРОШЕНКА ""СОЛІДАРНІСТЬ""",  19.23,"Черкаська обл., Ватутінська міська рада"
"Партія ""Відродження""",  25.00,"Харківська обл., Лозівська міська рада"
"політична партія Всеукраїнське об’єднання ""Батьківщина""",  20.59,"Чернігівська обл., Прилуцька міська рада"
"ПОЛІТИЧНА ПАРТІЯ ""УКРАЇНСЬКЕ ОБ’ЄДНАННЯ ПАТРІОТІВ – УКРОП""",  13.89,"Черкаська обл., Смілянська міська рада"
"політична партія Всеукраїнське об’єднання ""Батьківщина""",  13.89,"Черкаська обл., Смілянська міська рада"
Радикальна партія Олега Ляшка,  11.11,"Черкаська обл., Смілянська міська рада"
Партія ветеранів Афганістану,  14.71,"Черкаська обл., Канівська міська рада"
"політична партія Всеукраїнське об’єднання ""Свобода""",  14.71,"Черкаська обл., Канівська міська рада"
"політична партія Всеукраїнське об’єднання ""Батьківщина""",  11.76,"Черкаська обл., Канівська міська рада"
Радикальна партія Олега Ляшка,  11.76,"Черкаська обл., Канівська міська рада"
"Політична партія ""Європейська партія України""",  14.71,"Черкаська обл., Золотоніська міська рада"
"політична партія Всеукраїнське об’єднання ""Батьківщина""",  11.76,"Черкаська обл., Золотоніська міська рада"
Радикальна партія Олега Ляшка,   8.82,"Черкаська обл., Золотоніська міська рада"
"ПОЛІТИЧНА ПАРТІЯ ""УКРАЇНСЬКЕ ОБ’ЄДНАННЯ ПАТРІОТІВ – УКРОП""",   8.82,"Черкаська обл., Золотоніська міська рада"
"політична партія Всеукраїнське об’єднання ""ЧЕРКАЩАНИ""",  15.38,"Черкаська обл., Ватутінська міська рада"
Партія ветеранів Афганістану,  15.38,"Черкаська обл., Ватутінська міська рада"
"політична партія Всеукраїнське об’єднання ""Батьківщина""",  15.38,"Черкаська обл., Ватутінська міська рада"
"Українська партія честі, боротьби з корупцією та організованою злочинністю",  11.54,"Черкаська обл., Ватутінська міська рада"
"ПАРТІЯ ""БЛОК ПЕТРА ПОРОШЕНКА ""СОЛІДАРНІСТЬ""",  16.67,"Харківська обл., Лозівська міська рада"
"політична партія Всеукраїнське об’єднання ""Батьківщина""",  13.89,"Харківська обл., Лозівська міська рада"
Партія промисловців і підприємців України,  11.11,"Харківська обл., Лозівська міська рада"
"Політична партія ""Нова держава""",   8.33,"Харківська обл., Лозівська міська рада"
Радикальна партія Олега Ляшка,   8.33,"Харківська обл., Лозівська міська рада"
Радикальна партія Олега Ляшка,  17.65,"Чернігівська обл., Прилуцька міська рада"
"політична партія Всеукраїнське об’єднання ""Свобода""",  14.71,"Чернігівська обл., Прилуцька міська рада"
"ПАРТІЯ ""БЛОК ПЕТРА ПОРОШЕНКА ""СОЛІДАРНІСТЬ""",  14.71,"Чернігівська обл., Прилуцька міська рада"
"Політична партія ""Наш край""",  11.76,"Чернігівська обл., Прилуцька міська рада"
"ПОЛІТИЧНА ПАРТІЯ ""УКРАЇНСЬКЕ ОБ’ЄДНАННЯ ПАТРІОТІВ – УКРОП""",   8.82,"Чернігівська обл., Прилуцька міська рада"
"політична партія Всеукраїнське об’єднання ""Свобода""",  11.11,"Черкаська обл., Смілянська міська рада"
"ПОЛІТИЧНА ПАРТІЯ ""СИЛА ГРОМАД""",   8.33,"Черкаська обл., Смілянська міська рада"
"Політична партія ""ПАТРІОТ""",   8.33,"Черкаська обл., Смілянська міська рада"
Аграрна партія України,   8.33,"Черкаська обл., Смілянська міська рада"
"ПАРТІЯ ""БЛОК ПЕТРА ПОРОШЕНКА ""СОЛІДАРНІСТЬ""",  19.44,"Чернігівська обл., Ніжинська міська рада"
Партія Зелених України,   8.82,"Черкаська обл., Канівська міська рада"
"політична партія Всеукраїнське об’єднання ""ЧЕРКАЩАНИ""",   8.82,"Черкаська обл., Канівська міська рада"
"Політична Партія ""Опозиційний блок""",   8.82,"Черкаська обл., Канівська міська рада"
"політична партія Всеукраїнське об’єднання ""Свобода""",   8.82,"Черкаська обл., Золотоніська міська рада"
"політична партія Всеукраїнське об’єднання ""ЧЕРКАЩАНИ""",   8.82,"Черкаська обл., Золотоніська міська рада"
Радикальна партія Олега Ляшка,  11.54,"Черкаська обл., Ватутінська міська рада"
"Політична Партія ""Опозиційний блок""",   7.69,"Черкаська обл., Ватутінська міська рада"
"ПОЛІТИЧНА ПАРТІЯ ""ПАРТІЯ ПРОСТИХ ЛЮДЕЙ СЕРГІЯ КАПЛІНА""",   3.85,"Черкаська обл., Ватутінська міська рада"
"Політична партія ""Наш край""",   5.56,"Харківська обл., Лозівська міська рада"
"Політична партія ""Сила людей""",   5.56,"Харківська обл., Лозівська міська рада"
"ПОЛІТИЧНА ПАРТІЯ ""УКРАЇНСЬКЕ ОБ’ЄДНАННЯ ПАТРІОТІВ – УКРОП""",   5.56,"Харківська обл., Лозівська міська рада"
Аграрна партія України,   5.88,"Чернігівська обл., Прилуцька міська рада"
"Політична Партія ""Опозиційний блок""",   5.88,"Чернігівська обл., Прилуцька міська рада"
"політична партія Всеукраїнське об’єднання ""ЧЕРКАЩАНИ""",   8.33,"Черкаська обл., Смілянська міська рада"
Радикальна партія Олега Ляшка,  16.67,"Чернігівська обл., Ніжинська міська рада"
"політична партія Всеукраїнське об’єднання ""Батьківщина""",  16.67,"Чернігівська обл., Ніжинська міська рада"
"Політична партія ""Об’єднання ""САМОПОМІЧ""",  13.89,"Чернігівська обл., Ніжинська міська рада"
"політична партія Всеукраїнське об’єднання ""Свобода""",  11.11,"Чернігівська обл., Ніжинська міська рада"
"Політична партія ""Наш край""",   8.33,"Чернігівська обл., Ніжинська міська рада"
"ПОЛІТИЧНА ПАРТІЯ ""УКРАЇНСЬКЕ ОБ’ЄДНАННЯ ПАТРІОТІВ – УКРОП""",   8.33,"Чернігівська обл., Ніжинська міська рада"
"Політична Партія ""Опозиційний блок""",   5.56,"Чернігівська обл., Ніжинська міська рада"
