,party,result,council,region
0,"політична партія Всеукраїнське об’єднання ""Батьківщина""",17.65,Хмільницька міська рада,Вінницька обл.
1,"ПАРТІЯ ""БЛОК ПЕТРА ПОРОШЕНКА ""СОЛІДАРНІСТЬ""",17.65,Хмільницька міська рада,Вінницька обл.
2,"політична партія Всеукраїнське об’єднання ""Свобода""",11.76,Хмільницька міська рада,Вінницька обл.
3,"Політична партія ""НОВА ПОЛІТИКА""",11.76,Хмільницька міська рада,Вінницька обл.
4,"Політична Партія ""Опозиційний блок""",73.53,Рубіжанська міська рада,Луганська обл.
5,"політична партія Всеукраїнське об’єднання ""Батьківщина""",20.59,Козятинська міська рада,Вінницька обл.
6,"Політична Партія ""Опозиційний блок""",66.67,Лисичанська міська рада,Луганська обл.
7,"політична партія Всеукраїнське об’єднання ""Батьківщина""",32.35,Могилів-Подільська міська рада,Вінницька обл.
8,"Політична партія ""НОВА ПОЛІТИКА""",20.59,Жмеринська міська рада,Вінницька обл.
9,"ПОЛІТИЧНА ПАРТІЯ ""ГРОМАДСЬКИЙ РУХ ""НАРОДНИЙ КОНТРОЛЬ"" ",11.76,Хмільницька міська рада,Вінницька обл.
10,"Політична партія ""Європейська партія України""",8.82,Хмільницька міська рада,Вінницька обл.
11,"ПОЛІТИЧНА ПАРТІЯ ""ВІННИЦЬКА ЄВРОПЕЙСЬКА СТРАТЕГІЯ""",37.04,Вінницька міська рада,Вінницька обл.
12,"політична партія Всеукраїнське об’єднання ""Батьківщина""",8.82,Рубіжанська міська рада,Луганська обл.
13,"ПАРТІЯ ""БЛОК ПЕТРА ПОРОШЕНКА ""СОЛІДАРНІСТЬ""",8.82,Рубіжанська міська рада,Луганська обл.
14,"ПАРТІЯ ""БЛОК ПЕТРА ПОРОШЕНКА ""СОЛІДАРНІСТЬ""",17.65,Козятинська міська рада,Вінницька обл.
15,"Політична партія ""Сила людей""",11.76,Козятинська міська рада,Вінницька обл.
16,"Політична партія ""Об’єднання ""САМОПОМІЧ""",11.76,Козятинська міська рада,Вінницька обл.
17,"Політична партія ""Наш край""",26.92,Ладижинська міська рада,Вінницька обл.
18,"ПАРТІЯ ""БЛОК ПЕТРА ПОРОШЕНКА ""СОЛІДАРНІСТЬ""",16.67,Лисичанська міська рада,Луганська обл.
19,Радикальна партія Олега Ляшка,8.33,Лисичанська міська рада,Луганська обл.
20,"Політична партія ""Об’єднання ""САМОПОМІЧ""",8.33,Лисичанська міська рада,Луганська обл.
21,"ПАРТІЯ ""БЛОК ПЕТРА ПОРОШЕНКА ""СОЛІДАРНІСТЬ""",23.53,Могилів-Подільська міська рада,Вінницька обл.
22,"Політична Партія ""Опозиційний блок""",11.76,Могилів-Подільська міська рада,Вінницька обл.
23,"Політична Партія ""Опозиційний блок""",44.44,Сєвєродонецька міська рада,Луганська обл.
24,"ПАРТІЯ ""БЛОК ПЕТРА ПОРОШЕНКА ""СОЛІДАРНІСТЬ""",17.65,Жмеринська міська рада,Вінницька обл.
25,"політична партія Всеукраїнське об’єднання ""Батьківщина""",11.76,Жмеринська міська рада,Вінницька обл.
26,політична партія Єдиний Центр,8.82,Хмільницька міська рада,Вінницька обл.
27,Радикальна партія Олега Ляшка,5.88,Хмільницька міська рада,Вінницька обл.
28,Аграрна партія України,5.88,Хмільницька міська рада,Вінницька обл.
29,"ПАРТІЯ ""БЛОК ПЕТРА ПОРОШЕНКА ""СОЛІДАРНІСТЬ""",18.52,Вінницька міська рада,Вінницька обл.
30,"політична партія Всеукраїнське об’єднання ""Батьківщина""",16.67,Вінницька міська рада,Вінницька обл.
31,"політична партія Всеукраїнське об’єднання ""Свобода""",11.11,Вінницька міська рада,Вінницька обл.
32,"Партія ""Справедливість""",8.82,Рубіжанська міська рада,Луганська обл.
33,"ПОЛІТИЧНА ПАРТІЯ ""УКРАЇНСЬКЕ ОБ’ЄДНАННЯ ПАТРІОТІВ – УКРОП""",8.82,Козятинська міська рада,Вінницька обл.
34,"Політична партія ""Наш край""",8.82,Козятинська міська рада,Вінницька обл.
35,Радикальна партія Олега Ляшка,8.82,Козятинська міська рада,Вінницька обл.
36,"політична партія Всеукраїнське об’єднання ""Батьківщина""",23.08,Ладижинська міська рада,Вінницька обл.
37,"ПАРТІЯ ""БЛОК ПЕТРА ПОРОШЕНКА ""СОЛІДАРНІСТЬ""",19.23,Ладижинська міська рада,Вінницька обл.
38,"ПОЛІТИЧНА ПАРТІЯ ""УКРАЇНСЬКЕ ОБ’ЄДНАННЯ ПАТРІОТІВ – УКРОП""",8.82,Могилів-Подільська міська рада,Вінницька обл.
39,"Політична партія ""Наш край""",8.82,Могилів-Подільська міська рада,Вінницька обл.
40,"Політична партія ""Наш край""",25.0,Сєвєродонецька міська рада,Луганська обл.
41,"ПАРТІЯ ""БЛОК ПЕТРА ПОРОШЕНКА ""СОЛІДАРНІСТЬ""",11.11,Сєвєродонецька міська рада,Луганська обл.
42,"Політична партія ""Об’єднання ""САМОПОМІЧ""",8.33,Сєвєродонецька міська рада,Луганська обл.
43,"Політична партія ""Наш край""",11.76,Жмеринська міська рада,Вінницька обл.
44,Народна Партія,11.76,Жмеринська міська рада,Вінницька обл.
45,"ПОЛІТИЧНА ПАРТІЯ ""УКРАЇНСЬКЕ ОБ’ЄДНАННЯ ПАТРІОТІВ – УКРОП""",8.82,Жмеринська міська рада,Вінницька обл.
46,"Політична партія ""Об’єднання ""САМОПОМІЧ""",9.26,Вінницька міська рада,Вінницька обл.
47,"Політична Партія ""Опозиційний блок""",7.41,Вінницька міська рада,Вінницька обл.
48,"ПОЛІТИЧНА ПАРТІЯ ""ГРОМАДСЬКИЙ РУХ ""НАРОДНИЙ КОНТРОЛЬ"" ",5.88,Козятинська міська рада,Вінницька обл.
49,"Політична партія ""КОНКРЕТНИХ СПРАВ""",5.88,Козятинська міська рада,Вінницька обл.
50,"ПОЛІТИЧНА ПАРТІЯ ""РІДНИЙ ДІМ"" ",11.54,Ладижинська міська рада,Вінницька обл.
51,"політична партія Всеукраїнське об’єднання ""Свобода""",7.69,Ладижинська міська рада,Вінницька обл.
52,"ПОЛІТИЧНА ПАРТІЯ ""УКРАЇНСЬКЕ ОБ’ЄДНАННЯ ПАТРІОТІВ – УКРОП""",7.69,Ладижинська міська рада,Вінницька обл.
53,Радикальна партія Олега Ляшка,8.82,Могилів-Подільська міська рада,Вінницька обл.
54,"політична партія Всеукраїнське об’єднання ""Свобода""",5.88,Могилів-Подільська міська рада,Вінницька обл.
55,"ПАРТІЯ ""БЛОК ПЕТРА ПОРОШЕНКА ""СОЛІДАРНІСТЬ""",22.22,Олександрійська міська рада,Кіровоградська обл.
56,"Політична Партія ""Опозиційний блок""",14.71,Світловодська міська рада,Кіровоградська обл.
57,"Політична Партія ""Опозиційний блок""",47.06,Токмацька міська рада,Запорізька обл.
58,політична партія Єдиний Центр,47.22,Мукачівська міська рада,Закарпатська обл.
59,Радикальна партія Олега Ляшка,5.56,Сєвєродонецька міська рада,Луганська обл.
60,"політична партія Всеукраїнське об’єднання ""Батьківщина""",5.56,Сєвєродонецька міська рада,Луганська обл.
61,"Політична партія ""Об’єднання ""САМОПОМІЧ""",5.88,Жмеринська міська рада,Вінницька обл.
62,Радикальна партія Олега Ляшка,5.88,Жмеринська міська рада,Вінницька обл.
63,"Партія ""Відродження""",25.0,Ужгородська міська рада,Закарпатська обл.
64,"Політична Партія ""Опозиційний блок""",20.59,Знам'янська міська рада,Кіровоградська обл.
65,"ПАРТІЯ ""БЛОК ПЕТРА ПОРОШЕНКА ""СОЛІДАРНІСТЬ""",21.43,Кіровоградська міська рада,Кіровоградська обл.
66,"Політична партія ""Наш край""",23.53,Обухівська міська рада,Київська обл.
67,Радикальна партія Олега Ляшка,3.85,Ладижинська міська рада,Вінницька обл.
68,"Політична Партія ""Опозиційний блок""",22.22,Олександрійська міська рада,Кіровоградська обл.
69,"Політична партія ""Об’єднання ""САМОПОМІЧ""",13.89,Олександрійська міська рада,Кіровоградська обл.
70,"політична партія Всеукраїнське об’єднання ""Батьківщина""",13.89,Олександрійська міська рада,Кіровоградська обл.
71,"політична партія Всеукраїнське об’єднання ""Свобода""",14.71,Світловодська міська рада,Кіровоградська обл.
72,"ПОЛІТИЧНА ПАРТІЯ ""УКРАЇНСЬКЕ ОБ’ЄДНАННЯ ПАТРІОТІВ – УКРОП""",11.76,Світловодська міська рада,Кіровоградська обл.
73,"політична партія Всеукраїнське об’єднання ""Батьківщина""",11.76,Світловодська міська рада,Кіровоградська обл.
74,"політична партія Всеукраїнське об’єднання ""Батьківщина""",20.59,Токмацька міська рада,Запорізька обл.
75,"Політична партія ""Об’єднання ""САМОПОМІЧ""",8.82,Токмацька міська рада,Запорізька обл.
76,"ПАРТІЯ ""БЛОК ПЕТРА ПОРОШЕНКА ""СОЛІДАРНІСТЬ""",8.82,Токмацька міська рада,Запорізька обл.
77,"Партія ""Відродження""",25.0,Мукачівська міська рада,Закарпатська обл.
78,"політична партія Всеукраїнське об’єднання ""Батьківщина""",11.11,Мукачівська міська рада,Закарпатська обл.
79,"""КМКС"" Партія угорців України",8.33,Мукачівська міська рада,Закарпатська обл.
80,"політична партія Всеукраїнське об’єднання ""Свобода""",5.88,Жмеринська міська рада,Вінницька обл.
81,"ПАРТІЯ ""БЛОК ПЕТРА ПОРОШЕНКА ""СОЛІДАРНІСТЬ""",13.89,Ужгородська міська рада,Закарпатська обл.
82,"Політична партія ""ПАТРІОТ""",13.89,Ужгородська міська рада,Закарпатська обл.
83,політична партія Єдиний Центр,8.33,Ужгородська міська рада,Закарпатська обл.
84,"ПАРТІЯ ""БЛОК ПЕТРА ПОРОШЕНКА ""СОЛІДАРНІСТЬ""",17.65,Знам'янська міська рада,Кіровоградська обл.
85,"політична партія Всеукраїнське об’єднання ""Батьківщина""",11.76,Знам'янська міська рада,Кіровоградська обл.
86,"Політична партія ""Сила людей""",11.76,Знам'янська міська рада,Кіровоградська обл.
87,"Політична партія ""Наш край""",16.67,Кіровоградська міська рада,Кіровоградська обл.
88,"політична партія Всеукраїнське об’єднання ""Батьківщина""",14.29,Кіровоградська міська рада,Кіровоградська обл.
89,"Політична Партія ""Опозиційний блок""",11.9,Кіровоградська міська рада,Кіровоградська обл.
90,"Політична партія ""Об’єднання ""САМОПОМІЧ""",14.71,Обухівська міська рада,Київська обл.
91,"ПАРТІЯ ""БЛОК ПЕТРА ПОРОШЕНКА ""СОЛІДАРНІСТЬ""",14.71,Обухівська міська рада,Київська обл.
92,Радикальна партія Олега Ляшка,11.11,Олександрійська міська рада,Кіровоградська обл.
93,"Політична партія ""Сила людей""",8.33,Олександрійська міська рада,Кіровоградська обл.
94,"ПОЛІТИЧНА ПАРТІЯ ""ГРОМАДСЬКИЙ РУХ ""НАРОДНИЙ КОНТРОЛЬ"" ",11.76,Світловодська міська рада,Кіровоградська обл.
95,Радикальна партія Олега Ляшка,8.82,Світловодська міська рада,Кіровоградська обл.
96,Радикальна партія Олега Ляшка,8.82,Токмацька міська рада,Запорізька обл.
97,"Політична партія ""Наш край""",5.88,Токмацька міська рада,Запорізька обл.
98,"Політична партія ""Об’єднання ""САМОПОМІЧ""",8.33,Мукачівська міська рада,Закарпатська обл.
99,"Політична партія ""Наш край""",8.33,Ужгородська міська рада,Закарпатська обл.
100,"Політична партія ""Європейська партія України""",8.33,Ужгородська міська рада,Закарпатська обл.
101,"Політична партія ""Об’єднання ""САМОПОМІЧ""",8.33,Ужгородська міська рада,Закарпатська обл.
102,"Партія ""Відродження""",8.82,Знам'янська міська рада,Кіровоградська обл.
103,Радикальна партія Олега Ляшка,8.82,Знам'янська міська рада,Кіровоградська обл.
104,"політична партія Всеукраїнське об’єднання ""Свобода""",8.82,Знам'янська міська рада,Кіровоградська обл.
105,"ПОЛІТИЧНА ПАРТІЯ ""УКРАЇНСЬКЕ ОБ’ЄДНАННЯ ПАТРІОТІВ – УКРОП""",9.52,Кіровоградська міська рада,Кіровоградська обл.
106,"Політична партія ""Об’єднання ""САМОПОМІЧ""",7.14,Кіровоградська міська рада,Кіровоградська обл.
107,"Політична партія ""Рідне місто""",7.14,Кіровоградська міська рада,Кіровоградська обл.
108,"Політична партія ""Сила людей""",11.76,Обухівська міська рада,Київська обл.
109,"політична партія Всеукраїнське об’єднання ""Свобода""",11.76,Обухівська міська рада,Київська обл.
110,"ПОЛІТИЧНА ПАРТІЯ ""УКРАЇНСЬКЕ ОБ’ЄДНАННЯ ПАТРІОТІВ – УКРОП""",8.82,Обухівська міська рада,Київська обл.
111,"ПОЛІТИЧНА ПАРТІЯ ""УКРАЇНСЬКЕ ОБ’ЄДНАННЯ ПАТРІОТІВ – УКРОП""",8.33,Олександрійська міська рада,Кіровоградська обл.
112,"Політична Партія ""Опозиційний блок""",26.92,Южненська міська рада,Одеська обл.
113,"ПАРТІЯ ""БЛОК ПЕТРА ПОРОШЕНКА ""СОЛІДАРНІСТЬ""",8.82,Світловодська міська рада,Кіровоградська обл.
114,"Політична партія ""Об’єднання ""САМОПОМІЧ""",8.82,Світловодська міська рада,Кіровоградська обл.
115,Партія Пенсіонерів України,8.82,Світловодська міська рада,Кіровоградська обл.
116,"Політична Партія ""Опозиційний блок""",26.47,Котовська міська рада,Одеська обл.
117,"Політична Партія ""Опозиційний блок""",25.0,Іллічівська міська рада,Одеська обл.
118,"ПАРТІЯ ""БЛОК ПЕТРА ПОРОШЕНКА ""СОЛІДАРНІСТЬ""",77.78,Ізмаїльська міська рада,Одеська обл.
119,"Політична Партія ""Опозиційний блок""",35.29,Білгород-Дністровська міська рада,Одеська обл.
120,"Політична партія ""КОНКРЕТНИХ СПРАВ""",23.08,Теплодарська міська рада,Одеська обл.
121,"політична партія Всеукраїнське об’єднання ""Батьківщина""",8.33,Ужгородська міська рада,Закарпатська обл.
122,"""КМКС"" Партія угорців України",5.56,Ужгородська міська рада,Закарпатська обл.
123,"Політична партія ""Рідне місто""",30.56,Шосткинська міська рада,Сумська обл.
124,Партія Пенсіонерів України,5.88,Знам'янська міська рада,Кіровоградська обл.
125,"Політична партія ""Воля""",5.88,Знам'янська міська рада,Кіровоградська обл.
126,"Політична партія ""За Україну!""",17.65,Роменська міська рада,Сумська обл.
127,Радикальна партія Олега Ляшка,7.14,Кіровоградська міська рада,Кіровоградська обл.
128,"політична партія Всеукраїнське об’єднання ""Свобода""",4.76,Кіровоградська міська рада,Кіровоградська обл.
129,"політична партія Всеукраїнське об’єднання ""Батьківщина""",8.82,Обухівська міська рада,Київська обл.
130,Радикальна партія Олега Ляшка,5.88,Обухівська міська рада,Київська обл.
131,"політична партія Всеукраїнське об’єднання ""Батьківщина""",19.23,Южненська міська рада,Одеська обл.
132,"ПАРТІЯ ""БЛОК ПЕТРА ПОРОШЕНКА ""СОЛІДАРНІСТЬ""",19.23,Южненська міська рада,Одеська обл.
133,"ПАРТІЯ ""БЛОК ПЕТРА ПОРОШЕНКА ""СОЛІДАРНІСТЬ""",23.53,Котовська міська рада,Одеська обл.
134,"Партія ""Відродження""",17.65,Котовська міська рада,Одеська обл.
135,"Партія ""Відродження""",25.0,Іллічівська міська рада,Одеська обл.
136,"ПАРТІЯ ""БЛОК ПЕТРА ПОРОШЕНКА ""СОЛІДАРНІСТЬ""",22.22,Іллічівська міська рада,Одеська обл.
137,"Політична Партія ""Опозиційний блок""",22.22,Ізмаїльська міська рада,Одеська обл.
138,"ПАРТІЯ ""БЛОК ПЕТРА ПОРОШЕНКА ""СОЛІДАРНІСТЬ""",26.47,Білгород-Дністровська міська рада,Одеська обл.
139,"Політична партія ""ДОВІРЯЙ ДІЛАМ""",11.76,Білгород-Дністровська міська рада,Одеська обл.
140,"Політична Партія ""Опозиційний блок""",19.23,Теплодарська міська рада,Одеська обл.
141,"ПАРТІЯ ""БЛОК ПЕТРА ПОРОШЕНКА ""СОЛІДАРНІСТЬ""",15.38,Теплодарська міська рада,Одеська обл.
142,Народна Партія,15.38,Теплодарська міська рада,Одеська обл.
143,"ПАРТІЯ ""БЛОК ПЕТРА ПОРОШЕНКА ""СОЛІДАРНІСТЬ""",13.89,Шосткинська міська рада,Сумська обл.
144,"Політична партія ""Наш край""",11.11,Шосткинська міська рада,Сумська обл.
145,Радикальна партія Олега Ляшка,17.65,Роменська міська рада,Сумська обл.
146,"політична партія Всеукраїнське об’єднання ""Батьківщина""",14.71,Роменська міська рада,Сумська обл.
147,"політична партія Всеукраїнське об’єднання ""Свобода""",14.71,Роменська міська рада,Сумська обл.
148,Аграрна партія України,11.54,Южненська міська рада,Одеська обл.
149,"ПОЛІТИЧНА ПАРТІЯ ""ПАРТІЯ ПРОСТИХ ЛЮДЕЙ СЕРГІЯ КАПЛІНА""",7.69,Южненська міська рада,Одеська обл.
150,"Політична партія ""Наш край""",7.69,Южненська міська рада,Одеська обл.
151,"Політична партія ""Наш край""",8.82,Котовська міська рада,Одеська обл.
152,"політична партія Всеукраїнське об’єднання ""Батьківщина""",8.82,Котовська міська рада,Одеська обл.
153,Радикальна партія Олега Ляшка,8.82,Котовська міська рада,Одеська обл.
154,"Політична партія ""Об’єднання ""САМОПОМІЧ""",11.11,Іллічівська міська рада,Одеська обл.
155,Молодіжна партія України,8.33,Іллічівська міська рада,Одеська обл.
156,"політична партія Всеукраїнське об’єднання ""Батьківщина""",8.33,Іллічівська міська рада,Одеська обл.
157,"Політична партія ""Наш край""",8.82,Білгород-Дністровська міська рада,Одеська обл.
158,"Партія ""Відродження""",8.82,Білгород-Дністровська міська рада,Одеська обл.
159,"політична партія Всеукраїнське об’єднання ""Батьківщина""",8.82,Білгород-Дністровська міська рада,Одеська обл.
160,Українська морська партія Сергія Ківалова,15.38,Теплодарська міська рада,Одеська обл.
161,"політична партія Всеукраїнське об’єднання ""Батьківщина""",11.54,Теплодарська міська рада,Одеська обл.
162,"Політична Партія ""Опозиційний блок""",11.11,Шосткинська міська рада,Сумська обл.
163,Радикальна партія Олега Ляшка,8.33,Шосткинська міська рада,Сумська обл.
164,"ПОЛІТИЧНА ПАРТІЯ ""ПАРТІЯ ПРОСТИХ ЛЮДЕЙ СЕРГІЯ КАПЛІНА""",8.33,Шосткинська міська рада,Сумська обл.
165,"ПАРТІЯ ""БЛОК ПЕТРА ПОРОШЕНКА ""СОЛІДАРНІСТЬ""",11.76,Роменська міська рада,Сумська обл.
166,"Партія ""Відродження""",11.76,Роменська міська рада,Сумська обл.
167,"ПОЛІТИЧНА ПАРТІЯ ""ПАРТІЯ ПРОСТИХ ЛЮДЕЙ СЕРГІЯ КАПЛІНА""",8.82,Роменська міська рада,Сумська обл.
168,"ПАРТІЯ ""БЛОК ПЕТРА ПОРОШЕНКА ""СОЛІДАРНІСТЬ""",17.65,Миргородська міська рада,Полтавська обл.
169,"ПАРТІЯ ""БЛОК ПЕТРА ПОРОШЕНКА ""СОЛІДАРНІСТЬ""",14.71,Лубенська міська рада,Полтавська обл.
170,"Партія ""Відродження""",7.69,Южненська міська рада,Одеська обл.
171,"ПАРТІЯ ""БЛОК ПЕТРА ПОРОШЕНКА ""СОЛІДАРНІСТЬ""",23.53,Охтирська міська рада,Сумська обл.
172,"ПОЛІТИЧНА ПАРТІЯ ""УКРАЇНСЬКЕ ОБ’ЄДНАННЯ ПАТРІОТІВ – УКРОП""",5.88,Котовська міська рада,Одеська обл.
173,"Політична партія ""Громадянська позиція""",20.59,Лебединська міська рада,Сумська обл.
174,"ПАРТІЯ ""БЛОК ПЕТРА ПОРОШЕНКА ""СОЛІДАРНІСТЬ""",43.33,міська міська рада,"Україна, обл."
175,"ПОЛІТИЧНА ПАРТІЯ ""ПОРУЧ""",16.67,Кременчуцька міська рада,Полтавська обл.
176,"ПАРТІЯ ""БЛОК ПЕТРА ПОРОШЕНКА ""СОЛІДАРНІСТЬ""",50.0,Комсомольська міська рада,Полтавська обл.
177,"ПАРТІЯ ""БЛОК ПЕТРА ПОРОШЕНКА ""СОЛІДАРНІСТЬ""",19.05,Полтавська міська рада,Полтавська обл.
178,"Політична партія ""Об’єднання ""САМОПОМІЧ""",8.33,Шосткинська міська рада,Сумська обл.
179,"політична партія Всеукраїнське об’єднання ""Батьківщина""",8.33,Шосткинська міська рада,Сумська обл.
180,"Партія ""Відродження""",11.76,Миргородська міська рада,Полтавська обл.
181,"політична партія Всеукраїнське об’єднання ""Батьківщина""",11.76,Миргородська міська рада,Полтавська обл.
182,"політична партія Всеукраїнське об’єднання ""Свобода""",11.76,Миргородська міська рада,Полтавська обл.
183,"Політична партія ""Рідне місто""",11.76,Миргородська міська рада,Полтавська обл.
184,Радикальна партія Олега Ляшка,11.76,Лубенська міська рада,Полтавська обл.
185,"Політична партія ""Об’єднання ""САМОПОМІЧ""",11.76,Лубенська міська рада,Полтавська обл.
186,"Політична Партія ""Опозиційний блок""",11.76,Лубенська міська рада,Полтавська обл.
187,"ПОЛІТИЧНА ПАРТІЯ ""ПАРТІЯ ПРОСТИХ ЛЮДЕЙ СЕРГІЯ КАПЛІНА""",11.76,Лубенська міська рада,Полтавська обл.
188,"політична партія Всеукраїнське об’єднання ""Батьківщина""",17.65,Охтирська міська рада,Сумська обл.
189,"Партія ""Відродження""",11.76,Охтирська міська рада,Сумська обл.
190,Радикальна партія Олега Ляшка,11.76,Охтирська міська рада,Сумська обл.
191,"Політична Партія ""Опозиційний блок""",8.82,Охтирська міська рада,Сумська обл.
192,"Політична партія ""Сила людей""",8.82,Охтирська міська рада,Сумська обл.
193,"політична партія Всеукраїнське об’єднання ""Батьківщина""",20.59,Лебединська міська рада,Сумська обл.
194,"ПАРТІЯ ""БЛОК ПЕТРА ПОРОШЕНКА ""СОЛІДАРНІСТЬ""",17.65,Лебединська міська рада,Сумська обл.
195,Радикальна партія Олега Ляшка,14.71,Лебединська міська рада,Сумська обл.
196,"ПОЛІТИЧНА ПАРТІЯ ""ПАРТІЯ ПРОСТИХ ЛЮДЕЙ СЕРГІЯ КАПЛІНА""",11.76,Лебединська міська рада,Сумська обл.
197,"Політична партія ""Об’єднання ""САМОПОМІЧ""",18.33,міська міська рада,"Україна, обл."
198,"політична партія Всеукраїнське об’єднання ""Батьківщина""",14.17,міська міська рада,"Україна, обл."
199,"Українська партія ""Єдність""",12.5,міська міська рада,"Україна, обл."
200,"політична партія Всеукраїнське об’єднання ""Свобода""",11.67,міська міська рада,"Україна, обл."
201,"Політична Партія ""Опозиційний блок""",16.67,Кременчуцька міська рада,Полтавська обл.
202,"ПАРТІЯ ""БЛОК ПЕТРА ПОРОШЕНКА ""СОЛІДАРНІСТЬ""",14.29,Кременчуцька міська рада,Полтавська обл.
203,"Політична партія ""Рідне місто""",14.29,Кременчуцька міська рада,Полтавська обл.
204,"ПОЛІТИЧНА ПАРТІЯ ""УКРАЇНСЬКЕ ОБ’ЄДНАННЯ ПАТРІОТІВ – УКРОП""",11.9,Кременчуцька міська рада,Полтавська обл.
205,"політична партія Всеукраїнське об’єднання ""Батьківщина""",9.52,Кременчуцька міська рада,Полтавська обл.
206,"Політична Партія ""Опозиційний блок""",17.65,Комсомольська міська рада,Полтавська обл.
207,"Політична партія ""Наш край""",8.82,Комсомольська міська рада,Полтавська обл.
208,"Політична партія ""Об’єднання ""САМОПОМІЧ""",8.82,Комсомольська міська рада,Полтавська обл.
209,"ПОЛІТИЧНА ПАРТІЯ ""УКРАЇНСЬКЕ ОБ’ЄДНАННЯ ПАТРІОТІВ – УКРОП""",8.82,Комсомольська міська рада,Полтавська обл.
210,"ПОЛІТИЧНА ПАРТІЯ ""ПАРТІЯ ПРОСТИХ ЛЮДЕЙ СЕРГІЯ КАПЛІНА""",5.88,Комсомольська міська рада,Полтавська обл.
211,"Політична партія ""Совість України""",16.67,Полтавська міська рада,Полтавська обл.
212,"Політична партія ""Рідне місто""",16.67,Полтавська міська рада,Полтавська обл.
213,"політична партія Всеукраїнське об’єднання ""Свобода""",14.29,Полтавська міська рада,Полтавська обл.
214,"політична партія Всеукраїнське об’єднання ""Батьківщина""",11.9,Полтавська міська рада,Полтавська обл.
215,"ПОЛІТИЧНА ПАРТІЯ ""ПАРТІЯ ПРОСТИХ ЛЮДЕЙ СЕРГІЯ КАПЛІНА""",11.76,Миргородська міська рада,Полтавська обл.
216,Радикальна партія Олега Ляшка,8.82,Миргородська міська рада,Полтавська обл.
217,"Політична партія Всеукраїнське об’єднання ""Громада""",8.82,Миргородська міська рада,Полтавська обл.
218,"Політична Партія ""Опозиційний блок""",8.82,Миргородська міська рада,Полтавська обл.
219,"Партія ""Відродження""",8.82,Лубенська міська рада,Полтавська обл.
220,"політична партія Всеукраїнське об’єднання ""Свобода""",8.82,Лубенська міська рада,Полтавська обл.
221,"політична партія Всеукраїнське об’єднання ""Батьківщина""",8.82,Лубенська міська рада,Полтавська обл.
222,"Політична партія ""Рідне місто""",5.88,Лубенська міська рада,Полтавська обл.
223,Народна Партія,8.82,Охтирська міська рада,Сумська обл.
224,"ПОЛІТИЧНА ПАРТІЯ ""УКРАЇНСЬКЕ ОБ’ЄДНАННЯ ПАТРІОТІВ – УКРОП""",8.82,Охтирська міська рада,Сумська обл.
225,"Політична Партія ""Опозиційний блок""",8.82,Лебединська міська рада,Сумська обл.
226,"Партія ""Відродження""",5.88,Лебединська міська рада,Сумська обл.
227,Радикальна партія Олега Ляшка,9.52,Кременчуцька міська рада,Полтавська обл.
228,"Політична партія ""Об’єднання ""САМОПОМІЧ""",7.14,Кременчуцька міська рада,Полтавська обл.
229,"ПОЛІТИЧНА ПАРТІЯ ""ПАРТІЯ ПРОСТИХ ЛЮДЕЙ СЕРГІЯ КАПЛІНА""",11.9,Полтавська міська рада,Полтавська обл.
230,"Політична партія ""Об’єднання ""САМОПОМІЧ""",9.52,Полтавська міська рада,Полтавська обл.
231,"ПОЛІТИЧНА ПАРТІЯ ""УКРАЇНСЬКЕ ОБ’ЄДНАННЯ ПАТРІОТІВ – УКРОП""",5.88,Лубенська міська рада,Полтавська обл.
232,"ПОЛІТИЧНА ПАРТІЯ ""ГРОМАДСЬКИЙ РУХ ""НАРОДНИЙ КОНТРОЛЬ"" ",20.59,Кузнецовська міська рада,Рівненська обл.
233,"Політична партія ""ДОВІРЯЙ ДІЛАМ""",42.19,Одеська міська рада,Одеська обл.
234,"політична партія Всеукраїнське об’єднання ""Свобода""",22.22,Конотопська міська рада,Сумська обл.
235,"Політична партія ""Воля народу"" ",38.24,Глухівська міська рада,Сумська обл.
236,"політична партія Всеукраїнське об’єднання ""Батьківщина""",42.86,Сумська міська рада,Сумська обл.
237,"ПАРТІЯ ""БЛОК ПЕТРА ПОРОШЕНКА ""СОЛІДАРНІСТЬ""",23.08,Гадяцька міська рада,Полтавська обл.
238,"Політична партія ""Воля""",19.23,Яремчанська міська рада,Івано-Франківська обл.
239,"Політична партія ""Об’єднання ""САМОПОМІЧ""",20.59,Коломийська міська рада,Івано-Франківська обл.
240,"Політична партія ""Сила людей""",17.65,Кузнецовська міська рада,Рівненська обл.
241,"ПАРТІЯ ""БЛОК ПЕТРА ПОРОШЕНКА ""СОЛІДАРНІСТЬ""",14.71,Кузнецовська міська рада,Рівненська обл.
242,Українська Народна Партія,11.76,Кузнецовська міська рада,Рівненська обл.
243,"ПОЛІТИЧНА ПАРТІЯ ""УКРАЇНСЬКЕ ОБ’ЄДНАННЯ ПАТРІОТІВ – УКРОП""",11.76,Кузнецовська міська рада,Рівненська обл.
244,"політична партія Всеукраїнське об’єднання ""Батьківщина""",11.76,Кузнецовська міська рада,Рівненська обл.
245,"ПАРТІЯ ""БЛОК ПЕТРА ПОРОШЕНКА ""СОЛІДАРНІСТЬ""",21.88,Одеська міська рада,Одеська обл.
246,"Політична Партія ""Опозиційний блок""",18.75,Одеська міська рада,Одеська обл.
247,Українська морська партія Сергія Ківалова,9.38,Одеська міська рада,Одеська обл.
248,"Політична партія ""Об’єднання ""САМОПОМІЧ""",7.81,Одеська міська рада,Одеська обл.
249,"ПАРТІЯ ""БЛОК ПЕТРА ПОРОШЕНКА ""СОЛІДАРНІСТЬ""",16.67,Конотопська міська рада,Сумська обл.
250,Народна Партія,13.89,Конотопська міська рада,Сумська обл.
251,"Політична партія ""Воля народу"" ",11.11,Конотопська міська рада,Сумська обл.
252,"Політична партія ""Рідне місто""",11.11,Конотопська міська рада,Сумська обл.
253,"Політична партія ""Об’єднання ""САМОПОМІЧ""",17.65,Глухівська міська рада,Сумська обл.
254,"ПОЛІТИЧНА ПАРТІЯ ""УКРАЇНСЬКЕ ОБ’ЄДНАННЯ ПАТРІОТІВ – УКРОП""",11.76,Глухівська міська рада,Сумська обл.
255,"політична партія Всеукраїнське об’єднання ""Батьківщина""",11.76,Глухівська міська рада,Сумська обл.
256,"ПОЛІТИЧНА ПАРТІЯ ""ПАРТІЯ ПРОСТИХ ЛЮДЕЙ СЕРГІЯ КАПЛІНА""",8.82,Глухівська міська рада,Сумська обл.
257,Радикальна партія Олега Ляшка,5.88,Глухівська міська рада,Сумська обл.
258,"ПАРТІЯ ""БЛОК ПЕТРА ПОРОШЕНКА ""СОЛІДАРНІСТЬ""",21.43,Сумська міська рада,Сумська обл.
259,"Політична партія ""Об’єднання ""САМОПОМІЧ""",9.52,Сумська міська рада,Сумська обл.
260,"Політична Партія ""Опозиційний блок""",9.52,Сумська міська рада,Сумська обл.
261,"Політична партія ""За Україну!""",9.52,Сумська міська рада,Сумська обл.
262,"політична партія Всеукраїнське об’єднання ""Свобода""",7.14,Сумська міська рада,Сумська обл.
263,"Політична партія ""Рідне місто""",19.23,Гадяцька міська рада,Полтавська обл.
264,"ПОЛІТИЧНА ПАРТІЯ ""ПАРТІЯ ПРОСТИХ ЛЮДЕЙ СЕРГІЯ КАПЛІНА""",15.38,Гадяцька міська рада,Полтавська обл.
265,"Партія ""Відродження""",11.54,Гадяцька міська рада,Полтавська обл.
266,Радикальна партія Олега Ляшка,11.54,Гадяцька міська рада,Полтавська обл.
267,"ПОЛІТИЧНА ПАРТІЯ ""УКРАЇНСЬКЕ ОБ’ЄДНАННЯ ПАТРІОТІВ – УКРОП""",15.38,Яремчанська міська рада,Івано-Франківська обл.
268,"ПАРТІЯ ""БЛОК ПЕТРА ПОРОШЕНКА ""СОЛІДАРНІСТЬ""",15.38,Яремчанська міська рада,Івано-Франківська обл.
269,Радикальна партія Олега Ляшка,11.54,Яремчанська міська рада,Івано-Франківська обл.
270,"Політична партія ""Сила людей""",11.54,Яремчанська міська рада,Івано-Франківська обл.
271,"ПАРТІЯ ""БЛОК ПЕТРА ПОРОШЕНКА ""СОЛІДАРНІСТЬ""",14.71,Коломийська міська рада,Івано-Франківська обл.
272,"політична партія Всеукраїнське об’єднання ""Батьківщина""",14.71,Коломийська міська рада,Івано-Франківська обл.
273,політична партія Народний Рух України,8.82,Коломийська міська рада,Івано-Франківська обл.
274,Українська Народна Партія,8.82,Коломийська міська рада,Івано-Франківська обл.
275,"політична партія Всеукраїнське об’єднання ""Свобода""",8.82,Коломийська міська рада,Івано-Франківська обл.
276,"політична партія Всеукраїнське об’єднання ""Свобода""",11.76,Кузнецовська міська рада,Рівненська обл.
277,"ПОЛІТИЧНА ПАРТІЯ ""УКРАЇНСЬКЕ ОБ’ЄДНАННЯ ПАТРІОТІВ – УКРОП""",8.33,Конотопська міська рада,Сумська обл.
278,"політична партія Всеукраїнське об’єднання ""Батьківщина""",8.33,Конотопська міська рада,Сумська обл.
279,"Політична партія ""Об’єднання ""САМОПОМІЧ""",8.33,Конотопська міська рада,Сумська обл.
280,"ПАРТІЯ ""БЛОК ПЕТРА ПОРОШЕНКА ""СОЛІДАРНІСТЬ""",5.88,Глухівська міська рада,Сумська обл.
281,"політична партія Всеукраїнське об’єднання ""Батьківщина""",11.54,Гадяцька міська рада,Полтавська обл.
282,"ПОЛІТИЧНА ПАРТІЯ ""УКРАЇНСЬКЕ ОБ’ЄДНАННЯ ПАТРІОТІВ – УКРОП""",7.69,Гадяцька міська рада,Полтавська обл.
283,"політична партія Всеукраїнське об’єднання ""Свобода""",7.69,Яремчанська міська рада,Івано-Франківська обл.
284,"політична партія Всеукраїнське об’єднання ""Батьківщина""",7.69,Яремчанська міська рада,Івано-Франківська обл.
285,політична партія Конгрес Українських Націоналістів,7.69,Яремчанська міська рада,Івано-Франківська обл.
286,"Політична партія ""Громадянська позиція""",3.85,Яремчанська міська рада,Івано-Франківська обл.
287,"ПОЛІТИЧНА ПАРТІЯ ""ГРОМАДСЬКИЙ РУХ ""НАРОДНИЙ КОНТРОЛЬ"" ",8.82,Коломийська міська рада,Івано-Франківська обл.
288,Радикальна партія Олега Ляшка,8.82,Коломийська міська рада,Івано-Франківська обл.
289,"ПОЛІТИЧНА ПАРТІЯ ""УКРАЇНСЬКЕ ОБ’ЄДНАННЯ ПАТРІОТІВ – УКРОП""",5.88,Коломийська міська рада,Івано-Франківська обл.
290,"політична партія Всеукраїнське об’єднання ""Свобода""",16.67,Калуська міська рада,Івано-Франківська обл.
291,"Політична партія ""Воля""",23.08,Болехівська міська рада,Івано-Франківська обл.
292,"політична партія Всеукраїнське об’єднання ""Свобода""",33.33,Івано-Франківська міська рада,Івано-Франківська обл.
293,"політична партія Всеукраїнське об’єднання ""Батьківщина""",19.23,Бурштинська міська рада,Івано-Франківська обл.
294,"політична партія Всеукраїнське об’єднання ""Батьківщина""",20.59,Дубенська міська рада,Рівненська обл.
295,"ПАРТІЯ ""БЛОК ПЕТРА ПОРОШЕНКА ""СОЛІДАРНІСТЬ""",21.43,Рівненська міська рада,Рівненська обл.
296,"ПАРТІЯ ""БЛОК ПЕТРА ПОРОШЕНКА ""СОЛІДАРНІСТЬ""",34.62,Острозька міська рада,Рівненська обл.
297,"Політична партія ""Нові обличчя""",26.47,Фастівська міська рада,Київська обл.
298,Українська партія,16.67,Калуська міська рада,Івано-Франківська обл.
299,"політична партія Всеукраїнське об’єднання ""Батьківщина""",13.89,Калуська міська рада,Івано-Франківська обл.
300,"ПАРТІЯ ""БЛОК ПЕТРА ПОРОШЕНКА ""СОЛІДАРНІСТЬ""",13.89,Калуська міська рада,Івано-Франківська обл.
301,"Політична партія ""Об’єднання ""САМОПОМІЧ""",11.11,Калуська міська рада,Івано-Франківська обл.
302,"ПОЛІТИЧНА ПАРТІЯ ""УКРАЇНСЬКЕ ОБ’ЄДНАННЯ ПАТРІОТІВ – УКРОП""",11.11,Калуська міська рада,Івано-Франківська обл.
303,"ПАРТІЯ ""БЛОК ПЕТРА ПОРОШЕНКА ""СОЛІДАРНІСТЬ""",19.23,Болехівська міська рада,Івано-Франківська обл.
304,"ПОЛІТИЧНА ПАРТІЯ ""УКРАЇНСЬКЕ ОБ’ЄДНАННЯ ПАТРІОТІВ – УКРОП""",15.38,Болехівська міська рада,Івано-Франківська обл.
305,"політична партія Всеукраїнське об’єднання ""Батьківщина""",15.38,Болехівська міська рада,Івано-Франківська обл.
306,Радикальна партія Олега Ляшка,11.54,Болехівська міська рада,Івано-Франківська обл.
307,"ПАРТІЯ ""БЛОК ПЕТРА ПОРОШЕНКА ""СОЛІДАРНІСТЬ""",21.43,Івано-Франківська міська рада,Івано-Франківська обл.
308,"Політична партія ""Об’єднання ""САМОПОМІЧ""",14.29,Івано-Франківська міська рада,Івано-Франківська обл.
309,"ПОЛІТИЧНА ПАРТІЯ ""УКРАЇНСЬКЕ ОБ’ЄДНАННЯ ПАТРІОТІВ – УКРОП""",14.29,Івано-Франківська міська рада,Івано-Франківська обл.
310,"політична партія Всеукраїнське об’єднання ""Батьківщина""",9.52,Івано-Франківська міська рада,Івано-Франківська обл.
311,"ПОЛІТИЧНА ПАРТІЯ ""РІДНИЙ ДІМ"" ",15.38,Бурштинська міська рада,Івано-Франківська обл.
312,"ПАРТІЯ ""БЛОК ПЕТРА ПОРОШЕНКА ""СОЛІДАРНІСТЬ""",15.38,Бурштинська міська рада,Івано-Франківська обл.
313,"політична партія Всеукраїнське об’єднання ""Свобода""",15.38,Бурштинська міська рада,Івано-Франківська обл.
314,"Політична партія ""Громадянська позиція""",11.54,Бурштинська міська рада,Івано-Франківська обл.
315,Радикальна партія Олега Ляшка,7.69,Бурштинська міська рада,Івано-Франківська обл.
316,"ПАРТІЯ ""БЛОК ПЕТРА ПОРОШЕНКА ""СОЛІДАРНІСТЬ""",14.71,Дубенська міська рада,Рівненська обл.
317,"політична партія Всеукраїнське об’єднання ""Свобода""",11.76,Дубенська міська рада,Рівненська обл.
318,"Політична партія ""Громадянська позиція""",11.76,Дубенська міська рада,Рівненська обл.
319,"ПОЛІТИЧНА ПАРТІЯ ""УКРАЇНСЬКЕ ОБ’ЄДНАННЯ ПАТРІОТІВ – УКРОП""",11.76,Дубенська міська рада,Рівненська обл.
320,"ПОЛІТИЧНА ПАРТІЯ ""ПРОГРЕС""",8.82,Дубенська міська рада,Рівненська обл.
321,"політична партія Всеукраїнське об’єднання ""Батьківщина""",19.05,Рівненська міська рада,Рівненська обл.
322,"політична партія Всеукраїнське об’єднання ""Свобода""",16.67,Рівненська міська рада,Рівненська обл.
323,"Політична партія ""Об’єднання ""САМОПОМІЧ""",14.29,Рівненська міська рада,Рівненська обл.
324,"ПОЛІТИЧНА ПАРТІЯ ""ВСЕУКРАЇНСЬКЕ ОБ’ЄДНАННЯ ""ГРОМАДСЬКИЙ КОНТРОЛЬ""",11.9,Рівненська міська рада,Рівненська обл.
325,"політична партія Всеукраїнське об’єднання ""Батьківщина""",26.92,Острозька міська рада,Рівненська обл.
326,"Політична партія ""КОНКРЕТНИХ СПРАВ""",11.54,Острозька міська рада,Рівненська обл.
327,"політична партія Всеукраїнське об’єднання ""Свобода""",11.54,Острозька міська рада,Рівненська обл.
328,"Політична партія ""Громадянська позиція""",7.69,Острозька міська рада,Рівненська обл.
329,"ПАРТІЯ ""БЛОК ПЕТРА ПОРОШЕНКА ""СОЛІДАРНІСТЬ""",14.71,Фастівська міська рада,Київська обл.
330,"політична партія Всеукраїнське об’єднання ""Батьківщина""",11.76,Фастівська міська рада,Київська обл.
331,"Політична партія ""Об’єднання ""САМОПОМІЧ""",11.76,Фастівська міська рада,Київська обл.
332,"Політична партія ""АВТО-МАЙДАН""",8.33,Калуська міська рада,Івано-Франківська обл.
333,політична партія Народний Рух України,8.33,Калуська міська рада,Івано-Франківська обл.
334,політична партія Народний Рух України,7.69,Болехівська міська рада,Івано-Франківська обл.
335,"ПОЛІТИЧНА ПАРТІЯ ""ГРОМАДСЬКИЙ РУХ ""НАРОДНИЙ КОНТРОЛЬ"" ",7.69,Болехівська міська рада,Івано-Франківська обл.
336,Українська Народна Партія,7.14,Івано-Франківська міська рада,Івано-Франківська обл.
337,"Політична партія ""Сила людей""",7.69,Бурштинська міська рада,Івано-Франківська обл.
338,"Політична партія ""Воля""",7.69,Бурштинська міська рада,Івано-Франківська обл.
339,Радикальна партія Олега Ляшка,8.82,Дубенська міська рада,Рівненська обл.
340,"Політична партія ""КОНКРЕТНИХ СПРАВ""",5.88,Дубенська міська рада,Рівненська обл.
341,"ПОЛІТИЧНА ПАРТІЯ ""ГРОМАДСЬКИЙ РУХ ""НАРОДНИЙ КОНТРОЛЬ"" ",5.88,Дубенська міська рада,Рівненська обл.
342,Радикальна партія Олега Ляшка,9.52,Рівненська міська рада,Рівненська обл.
343,"ПОЛІТИЧНА ПАРТІЯ ""УКРАЇНСЬКЕ ОБ’ЄДНАННЯ ПАТРІОТІВ – УКРОП""",7.14,Рівненська міська рада,Рівненська обл.
344,Радикальна партія Олега Ляшка,7.69,Острозька міська рада,Рівненська обл.
345,Радикальна партія Олега Ляшка,8.82,Фастівська міська рада,Київська обл.
346,"Політична Партія ""Третя Сила""",8.82,Фастівська міська рада,Київська обл.
347,"Політична Партія ""Опозиційний блок""",5.88,Фастівська міська рада,Київська обл.
348,"політична партія Всеукраїнське об’єднання ""Свобода""",5.88,Фастівська міська рада,Київська обл.
349,"ПОЛІТИЧНА ПАРТІЯ ""УКРАЇНСЬКЕ ОБ’ЄДНАННЯ ПАТРІОТІВ – УКРОП""",5.88,Фастівська міська рада,Київська обл.
350,"Політична Партія ""Опозиційний блок""",19.23,Славутицька міська рада,Київська обл.
351,"Політична Партія ""Третя Сила""",23.08,Ржищівська міська рада,Київська обл.
352,"ПАРТІЯ ""БЛОК ПЕТРА ПОРОШЕНКА ""СОЛІДАРНІСТЬ""",26.47,Переяслав-Хмельницька міська рада,Київська обл.
353,"Політична партія ""Нові обличчя""",23.53,Бучанська міська рада,Київська обл.
354,"Політична партія ""Нові обличчя""",41.67,Ірпінська міська рада,Київська обл.
355,"Політична партія ""Наш край""",15.38,Славутицька міська рада,Київська обл.
356,"політична партія Всеукраїнське об’єднання ""Батьківщина""",11.54,Славутицька міська рада,Київська обл.
357,"Політична партія ""Совість України""",11.54,Славутицька міська рада,Київська обл.
358,"ПАРТІЯ ""БЛОК ПЕТРА ПОРОШЕНКА ""СОЛІДАРНІСТЬ""",11.54,Славутицька міська рада,Київська обл.
359,"ПОЛІТИЧНА ПАРТІЯ ""УКРАЇНСЬКЕ ОБ’ЄДНАННЯ ПАТРІОТІВ – УКРОП""",7.69,Славутицька міська рада,Київська обл.
360,"політична партія Всеукраїнське об’єднання ""Батьківщина""",17.65,Васильківська міська рада,Київська обл.
361,"політична партія Всеукраїнське об’єднання ""Батьківщина""",15.38,Ржищівська міська рада,Київська обл.
362,"ПАРТІЯ ""БЛОК ПЕТРА ПОРОШЕНКА ""СОЛІДАРНІСТЬ""",15.38,Ржищівська міська рада,Київська обл.
363,"Політична партія ""Нові обличчя""",11.54,Ржищівська міська рада,Київська обл.
364,"Політична партія ""Наш край""",11.54,Ржищівська міська рада,Київська обл.
365,Радикальна партія Олега Ляшка,7.69,Ржищівська міська рада,Київська обл.
366,"ПАРТІЯ ""БЛОК ПЕТРА ПОРОШЕНКА ""СОЛІДАРНІСТЬ""",22.22,Броварська міська рада,Київська обл.
367,"Політична партія ""Наш край""",20.59,Переяслав-Хмельницька міська рада,Київська обл.
368,"Політична партія ""Нові обличчя""",8.82,Переяслав-Хмельницька міська рада,Київська обл.
369,Радикальна партія Олега Ляшка,8.82,Переяслав-Хмельницька міська рада,Київська обл.
370,"Політична партія ""Наш край""",29.41,Бориспільська міська рада,Київська обл.
371,"політична партія Всеукраїнське об’єднання ""Батьківщина""",17.65,Бучанська міська рада,Київська обл.
372,Партія захисників Вітчизни,17.65,Бучанська міська рада,Київська обл.
373,"ПАРТІЯ ""БЛОК ПЕТРА ПОРОШЕНКА ""СОЛІДАРНІСТЬ""",17.65,Бучанська міська рада,Київська обл.
374,"Політична партія ""Наш край""",8.82,Бучанська міська рада,Київська обл.
375,"ПАРТІЯ ""БЛОК ПЕТРА ПОРОШЕНКА ""СОЛІДАРНІСТЬ""",13.89,Ірпінська міська рада,Київська обл.
376,"ПОЛІТИЧНА ПАРТІЯ ""УКРАЇНСЬКЕ ОБ’ЄДНАННЯ ПАТРІОТІВ – УКРОП""",11.11,Ірпінська міська рада,Київська обл.
377,"політична партія Всеукраїнське об’єднання ""Свобода""",11.11,Ірпінська міська рада,Київська обл.
378,"Партія ""Солідарність жінок України""",8.33,Ірпінська міська рада,Київська обл.
379,"Політична партія ""Національна Демократична партія України""",7.69,Славутицька міська рада,Київська обл.
380,Партія ветеранів Афганістану,7.69,Славутицька міська рада,Київська обл.
381,Соціал-демократична партія України,7.69,Славутицька міська рада,Київська обл.
382,"ПАРТІЯ ""БЛОК ПЕТРА ПОРОШЕНКА ""СОЛІДАРНІСТЬ""",17.65,Васильківська міська рада,Київська обл.
383,"ПОЛІТИЧНА ПАРТІЯ ""УКРАЇНСЬКЕ ОБ’ЄДНАННЯ ПАТРІОТІВ – УКРОП""",11.76,Васильківська міська рада,Київська обл.
384,"Політична партія ""Сила людей""",11.76,Васильківська міська рада,Київська обл.
385,Радикальна партія Олега Ляшка,11.76,Васильківська міська рада,Київська обл.
386,"політична партія Всеукраїнське об’єднання ""Свобода""",8.82,Васильківська міська рада,Київська обл.
387,"Політична Партія ""Опозиційний блок""",7.69,Ржищівська міська рада,Київська обл.
388,"ПОЛІТИЧНА ПАРТІЯ ""УКРАЇНСЬКЕ ОБ’ЄДНАННЯ ПАТРІОТІВ – УКРОП""",7.69,Ржищівська міська рада,Київська обл.
389,"Українська партія ""Єдність""",16.67,Броварська міська рада,Київська обл.
390,"Політична партія ""Об’єднання ""САМОПОМІЧ""",13.89,Броварська міська рада,Київська обл.
391,політична партія ДемАльянс (Демократичний альянс),11.11,Броварська міська рада,Київська обл.
392,"політична партія Всеукраїнське об’єднання ""Свобода""",11.11,Броварська міська рада,Київська обл.
393,"політична партія Всеукраїнське об’єднання ""Батьківщина""",11.11,Броварська міська рада,Київська обл.
394,"ПОЛІТИЧНА ПАРТІЯ ""ПАРТІЯ ПРОСТИХ ЛЮДЕЙ СЕРГІЯ КАПЛІНА""",8.82,Переяслав-Хмельницька міська рада,Київська обл.
395,"політична партія Всеукраїнське об’єднання ""Свобода""",8.82,Переяслав-Хмельницька міська рада,Київська обл.
396,"Політична партія ""Об’єднання ""САМОПОМІЧ""",8.82,Переяслав-Хмельницька міська рада,Київська обл.
397,"політична партія Всеукраїнське об’єднання ""Батьківщина""",8.82,Переяслав-Хмельницька міська рада,Київська обл.
398,"ПАРТІЯ ""БЛОК ПЕТРА ПОРОШЕНКА ""СОЛІДАРНІСТЬ""",20.59,Бориспільська міська рада,Київська обл.
399,Радикальна партія Олега Ляшка,11.76,Бориспільська міська рада,Київська обл.
400,"Політична партія ""Об’єднання ""САМОПОМІЧ""",11.76,Бориспільська міська рада,Київська обл.
401,"політична партія Всеукраїнське об’єднання ""Свобода""",8.82,Бориспільська міська рада,Київська обл.
402,"політична партія Всеукраїнське об’єднання ""Свобода""",8.82,Бучанська міська рада,Київська обл.
403,"ПОЛІТИЧНА ПАРТІЯ ""УКРАЇНСЬКЕ ОБ’ЄДНАННЯ ПАТРІОТІВ – УКРОП""",5.88,Бучанська міська рада,Київська обл.
404,"політична партія Всеукраїнське об’єднання ""Батьківщина""",8.33,Ірпінська міська рада,Київська обл.
405,Партія захисників Вітчизни,5.56,Ірпінська міська рада,Київська обл.
406,Народна Партія,8.82,Васильківська міська рада,Київська обл.
407,"Політична Партія ""Опозиційний блок""",5.88,Васильківська міська рада,Київська обл.
408,"Політична партія ""Нові обличчя""",5.88,Васильківська міська рада,Київська обл.
409,"ПОЛІТИЧНА ПАРТІЯ ""УКРАЇНСЬКЕ ОБ’ЄДНАННЯ ПАТРІОТІВ – УКРОП""",8.33,Броварська міська рада,Київська обл.
410,Радикальна партія Олега Ляшка,5.56,Броварська міська рада,Київська обл.
411,"політична партія Всеукраїнське об’єднання ""Батьківщина""",8.82,Бориспільська міська рада,Київська обл.
412,"Політична партія ""Сила людей""",8.82,Бориспільська міська рада,Київська обл.
413,"Політична партія ""Об’єднання ""САМОПОМІЧ""",26.19,Білоцерківська міська рада,Київська обл.
414,"політична партія Всеукраїнське об’єднання ""Свобода""",14.29,Білоцерківська міська рада,Київська обл.
415,"ПАРТІЯ ""БЛОК ПЕТРА ПОРОШЕНКА ""СОЛІДАРНІСТЬ""",14.29,Білоцерківська міська рада,Київська обл.
416,"політична партія Всеукраїнське об’єднання ""Батьківщина""",11.9,Білоцерківська міська рада,Київська обл.
417,Партія промисловців і підприємців України,23.08,Березанська міська рада,Київська обл.
418,"ПАРТІЯ ""БЛОК ПЕТРА ПОРОШЕНКА ""СОЛІДАРНІСТЬ""",17.65,Нововолинська міська рада,Волинська обл.
419,"політична партія Всеукраїнське об’єднання ""Батьківщина""",25.0,Ковельська міська рада,Волинська обл.
420,Радикальна партія Олега Ляшка,9.52,Білоцерківська міська рада,Київська обл.
421,"Політична партія ""Партія економічного відродження України"" ",9.52,Білоцерківська міська рада,Київська обл.
422,"ПОЛІТИЧНА ПАРТІЯ ""УКРАЇНСЬКЕ ОБ’ЄДНАННЯ ПАТРІОТІВ – УКРОП""",7.14,Білоцерківська міська рада,Київська обл.
423,"Політична Партія ""Опозиційний блок""",7.14,Білоцерківська міська рада,Київська обл.
424,"ПАРТІЯ ""БЛОК ПЕТРА ПОРОШЕНКА ""СОЛІДАРНІСТЬ""",15.38,Березанська міська рада,Київська обл.
425,"Політична Партія ""Опозиційний блок""",11.54,Березанська міська рада,Київська обл.
426,"Політична партія ""Наш край""",11.54,Березанська міська рада,Київська обл.
427,"політична партія Всеукраїнське об’єднання ""Свобода""",7.69,Березанська міська рада,Київська обл.
428,"Політична партія ""Об’єднання ""САМОПОМІЧ""",19.44,Червоноградська міська рада,Львівська обл.
429,"політична партія Всеукраїнське об’єднання ""Батьківщина""",17.65,Нововолинська міська рада,Волинська обл.
430,"Політична партія ""Об’єднання ""САМОПОМІЧ""",14.71,Нововолинська міська рада,Волинська обл.
431,"ПОЛІТИЧНА ПАРТІЯ ""УКРАЇНСЬКЕ ОБ’ЄДНАННЯ ПАТРІОТІВ – УКРОП""",14.71,Нововолинська міська рада,Волинська обл.
432,Радикальна партія Олега Ляшка,11.76,Нововолинська міська рада,Волинська обл.
433,"політична партія Всеукраїнське об’єднання ""Свобода""",8.82,Нововолинська міська рада,Волинська обл.
434,"Політична партія ""Об’єднання ""САМОПОМІЧ""",19.23,Трускавецька міська рада,Львівська обл.
435,"ПАРТІЯ ""БЛОК ПЕТРА ПОРОШЕНКА ""СОЛІДАРНІСТЬ""",22.22,Ковельська міська рада,Волинська обл.
436,"ПОЛІТИЧНА ПАРТІЯ ""УКРАЇНСЬКЕ ОБ’ЄДНАННЯ ПАТРІОТІВ – УКРОП""",13.89,Ковельська міська рада,Волинська обл.
437,"Політична партія ""Об’єднання ""САМОПОМІЧ""",17.65,Стрийська міська рада,Львівська обл.
438,"Політична партія ""Воля""",23.53,Самбірська міська рада,Львівська обл.
439,"політична партія Всеукраїнське об’єднання ""Батьківщина""",7.69,Березанська міська рада,Київська обл.
440,Радикальна партія Олега Ляшка,7.69,Березанська міська рада,Київська обл.
441,"Політична партія ""Об’єднання ""САМОПОМІЧ""",7.69,Березанська міська рада,Київська обл.
442,"ПОЛІТИЧНА ПАРТІЯ ""УКРАЇНСЬКЕ ОБ’ЄДНАННЯ ПАТРІОТІВ – УКРОП""",7.69,Березанська міська рада,Київська обл.
443,"ПАРТІЯ ""БЛОК ПЕТРА ПОРОШЕНКА ""СОЛІДАРНІСТЬ""",16.67,Червоноградська міська рада,Львівська обл.
444,"політична партія Всеукраїнське об’єднання ""Свобода""",13.89,Червоноградська міська рада,Львівська обл.
445,"політична партія Всеукраїнське об’єднання ""Батьківщина""",13.89,Червоноградська міська рада,Львівська обл.
446,"ПОЛІТИЧНА ПАРТІЯ ""ГРОМАДСЬКИЙ РУХ ""НАРОДНИЙ КОНТРОЛЬ"" ",11.11,Червоноградська міська рада,Львівська обл.
447,Радикальна партія Олега Ляшка,11.11,Червоноградська міська рада,Львівська обл.
448,"Політична партія ""Громадянська позиція""",8.82,Нововолинська міська рада,Волинська обл.
449,"Політична партія ""Наш край""",5.88,Нововолинська міська рада,Волинська обл.
450,"Політична партія ""Громадянська позиція""",15.38,Трускавецька міська рада,Львівська обл.
451,"ПАРТІЯ ""БЛОК ПЕТРА ПОРОШЕНКА ""СОЛІДАРНІСТЬ""",15.38,Трускавецька міська рада,Львівська обл.
452,політична партія Конгрес Українських Націоналістів,11.54,Трускавецька міська рада,Львівська обл.
453,"політична партія Всеукраїнське об’єднання ""Свобода""",11.54,Трускавецька міська рада,Львівська обл.
454,"Політична партія ""Об’єднання ""САМОПОМІЧ""",13.89,Ковельська міська рада,Волинська обл.
455,"політична партія Всеукраїнське об’єднання ""Свобода""",11.11,Ковельська міська рада,Волинська обл.
456,Радикальна партія Олега Ляшка,8.33,Ковельська міська рада,Волинська обл.
457,"Політична партія ""Сила людей""",5.56,Ковельська міська рада,Волинська обл.
458,"ПАРТІЯ ""БЛОК ПЕТРА ПОРОШЕНКА ""СОЛІДАРНІСТЬ""",17.65,Стрийська міська рада,Львівська обл.
459,"політична партія Всеукраїнське об’єднання ""Батьківщина""",14.71,Стрийська міська рада,Львівська обл.
460,"Політична партія ""Громадянська позиція""",11.76,Стрийська міська рада,Львівська обл.
461,"політична партія Всеукраїнське об’єднання ""Свобода""",11.76,Стрийська міська рада,Львівська обл.
462,"ПАРТІЯ ""БЛОК ПЕТРА ПОРОШЕНКА ""СОЛІДАРНІСТЬ""",14.71,Самбірська міська рада,Львівська обл.
463,Радикальна партія Олега Ляшка,11.76,Самбірська міська рада,Львівська обл.
464,"Політична партія ""Об’єднання ""САМОПОМІЧ""",8.82,Самбірська міська рада,Львівська обл.
465,"політична партія Всеукраїнське об’єднання ""Свобода""",8.82,Самбірська міська рада,Львівська обл.
466,політична партія Народний Рух України,8.33,Червоноградська міська рада,Львівська обл.
467,"ПОЛІТИЧНА ПАРТІЯ ""УКРАЇНСЬКЕ ОБ’ЄДНАННЯ ПАТРІОТІВ – УКРОП""",5.56,Червоноградська міська рада,Львівська обл.
468,"політична партія Всеукраїнське об’єднання ""Батьківщина""",11.54,Трускавецька міська рада,Львівська обл.
469,"ПОЛІТИЧНА ПАРТІЯ ""ГРОМАДСЬКИЙ РУХ ""НАРОДНИЙ КОНТРОЛЬ"" ",7.69,Трускавецька міська рада,Львівська обл.
470,"ПОЛІТИЧНА ПАРТІЯ ""УКРАЇНСЬКЕ ОБ’ЄДНАННЯ ПАТРІОТІВ – УКРОП""",7.69,Трускавецька міська рада,Львівська обл.
471,"ПОЛІТИЧНА ПАРТІЯ ""ГРОМАДСЬКИЙ РУХ ""НАРОДНИЙ КОНТРОЛЬ"" ",8.82,Стрийська міська рада,Львівська обл.
472,"Політична партія ""Сила людей""",5.88,Стрийська міська рада,Львівська обл.
473,політична партія Конгрес Українських Націоналістів,5.88,Стрийська міська рада,Львівська обл.
474,"ПОЛІТИЧНА ПАРТІЯ ""УКРАЇНСЬКЕ ОБ’ЄДНАННЯ ПАТРІОТІВ – УКРОП""",5.88,Стрийська міська рада,Львівська обл.
475,"ПОЛІТИЧНА ПАРТІЯ ""ГРОМАДСЬКИЙ РУХ ""НАРОДНИЙ КОНТРОЛЬ"" ",8.82,Самбірська міська рада,Львівська обл.
476,"політична партія Всеукраїнське об’єднання ""Батьківщина""",8.82,Самбірська міська рада,Львівська обл.
477,політична партія Конгрес Українських Націоналістів,8.82,Самбірська міська рада,Львівська обл.
478,політична партія Народний Рух України,5.88,Самбірська міська рада,Львівська обл.
479,"політична партія Всеукраїнське об’єднання ""Свобода""",17.65,Бориславська міська рада,Львівська обл.
480,"ПОЛІТИЧНА ПАРТІЯ ""ГРОМАДСЬКИЙ РУХ ""НАРОДНИЙ КОНТРОЛЬ"" ",19.44,Дрогобицька міська рада,Львівська обл.
481,"Політична партія ""Об’єднання ""САМОПОМІЧ""",14.71,Бориславська міська рада,Львівська обл.
482,"Політична партія ""Громадянська позиція""",11.76,Бориславська міська рада,Львівська обл.
483,"ПАРТІЯ ""БЛОК ПЕТРА ПОРОШЕНКА ""СОЛІДАРНІСТЬ""",8.82,Бориславська міська рада,Львівська обл.
484,"ПОЛІТИЧНА ПАРТІЯ ""УКРАЇНСЬКЕ ОБ’ЄДНАННЯ ПАТРІОТІВ – УКРОП""",8.82,Бориславська міська рада,Львівська обл.
485,"ПОЛІТИЧНА ПАРТІЯ ""ГРОМАДСЬКИЙ РУХ ""НАРОДНИЙ КОНТРОЛЬ"" ",8.82,Бориславська міська рада,Львівська обл.
486,Радикальна партія Олега Ляшка,8.82,Бориславська міська рада,Львівська обл.
487,"Політична партія ""Об’єднання ""САМОПОМІЧ""",37.5,Львівська міська рада,Львівська обл.
488,"ПАРТІЯ ""БЛОК ПЕТРА ПОРОШЕНКА ""СОЛІДАРНІСТЬ""",22.73,Моршинська міська рада,Львівська обл.
489,"Політична Партія ""Опозиційний блок""",50.0,Мелітопольська міська рада,Запорізька обл.
490,"Політична Партія ""Опозиційний блок""",35.29,Енергодарська міська рада,Запорізька обл.
491,"політична партія Всеукраїнське об’єднання ""Свобода""",16.67,Дрогобицька міська рада,Львівська обл.
492,"Політична партія ""Громадянська позиція""",13.89,Дрогобицька міська рада,Львівська обл.
493,"ПАРТІЯ ""БЛОК ПЕТРА ПОРОШЕНКА ""СОЛІДАРНІСТЬ""",13.89,Дрогобицька міська рада,Львівська обл.
494,"Політична партія ""Об’єднання ""САМОПОМІЧ""",13.89,Дрогобицька міська рада,Львівська обл.
495,"політична партія Всеукраїнське об’єднання ""Батьківщина""",8.82,Бориславська міська рада,Львівська обл.
496,Українська республіканська партія ,5.88,Бориславська міська рада,Львівська обл.
497,політична партія Народний Рух України,5.88,Бориславська міська рада,Львівська обл.
498,"Політична партія ""Наш край""",30.56,Бердянська міська рада,Запорізька обл.
499,"ПАРТІЯ ""БЛОК ПЕТРА ПОРОШЕНКА ""СОЛІДАРНІСТЬ""",15.63,Львівська міська рада,Львівська обл.
500,"політична партія Всеукраїнське об’єднання ""Свобода""",12.5,Львівська міська рада,Львівська обл.
501,"Політична партія ""Громадянська позиція""",10.94,Львівська міська рада,Львівська обл.
502,"ПОЛІТИЧНА ПАРТІЯ ""ГРОМАДСЬКИЙ РУХ ""НАРОДНИЙ КОНТРОЛЬ"" ",9.38,Львівська міська рада,Львівська обл.
503,"ПОЛІТИЧНА ПАРТІЯ ""УКРАЇНСЬКЕ ОБ’ЄДНАННЯ ПАТРІОТІВ – УКРОП""",7.81,Львівська міська рада,Львівська обл.
504,"Політична партія ""Українська Галицька партія""",6.25,Львівська міська рада,Львівська обл.
505,політична партія Республіканська платформа,18.18,Моршинська міська рада,Львівська обл.
506,"Політична партія ""Об’єднання ""САМОПОМІЧ""",13.64,Моршинська міська рада,Львівська обл.
507,"Політична партія ""Сила людей""",13.64,Моршинська міська рада,Львівська обл.
508,"політична партія Всеукраїнське об’єднання ""Батьківщина""",13.64,Моршинська міська рада,Львівська обл.
509,"ПАРТІЯ ""БЛОК ПЕТРА ПОРОШЕНКА ""СОЛІДАРНІСТЬ""",19.05,Мелітопольська міська рада,Запорізька обл.
510,"Політична партія ""Об’єднання ""САМОПОМІЧ""",14.29,Мелітопольська міська рада,Запорізька обл.
511,Партія ветеранів Афганістану,9.52,Мелітопольська міська рада,Запорізька обл.
512,"Політична партія ""Наш край""",7.14,Мелітопольська міська рада,Запорізька обл.
513,"Політична Партія ""Опозиційний блок""",31.25,Запорізька міська рада,Запорізька обл.
514,"ПАРТІЯ ""БЛОК ПЕТРА ПОРОШЕНКА ""СОЛІДАРНІСТЬ""",14.71,Енергодарська міська рада,Запорізька обл.
515,"Партія Сергія Тігіпка ""Сильна Україна""",11.76,Енергодарська міська рада,Запорізька обл.
516,"Політична партія ""НОВА ПОЛІТИКА""",11.76,Енергодарська міська рада,Запорізька обл.
517,Партія захисників Вітчизни,11.76,Енергодарська міська рада,Запорізька обл.
518,"політична партія Всеукраїнське об’єднання ""Батьківщина""",8.82,Енергодарська міська рада,Запорізька обл.
519,"ПОЛІТИЧНА ПАРТІЯ ""УКРАЇНСЬКЕ ОБ’ЄДНАННЯ ПАТРІОТІВ – УКРОП""",5.88,Енергодарська міська рада,Запорізька обл.
520,"політична партія Всеукраїнське об’єднання ""Батьківщина""",11.11,Дрогобицька міська рада,Львівська обл.
521,політична партія Народний Рух України,5.56,Дрогобицька міська рада,Львівська обл.
522,"ПОЛІТИЧНА ПАРТІЯ ""УКРАЇНСЬКЕ ОБ’ЄДНАННЯ ПАТРІОТІВ – УКРОП""",5.56,Дрогобицька міська рада,Львівська обл.
523,"Політична Партія ""Опозиційний блок""",22.22,Бердянська міська рада,Запорізька обл.
524,"ПАРТІЯ ""БЛОК ПЕТРА ПОРОШЕНКА ""СОЛІДАРНІСТЬ""",13.89,Бердянська міська рада,Запорізька обл.
525,"політична партія Всеукраїнське об’єднання ""Батьківщина""",11.11,Бердянська міська рада,Запорізька обл.
526,"ПОЛІТИЧНА ПАРТІЯ ""СОЦІАЛІСТИ""",11.11,Бердянська міська рада,Запорізька обл.
527,"Партія ""Відродження""",5.56,Бердянська міська рада,Запорізька обл.
528,"ПОЛІТИЧНА ПАРТІЯ ""УКРАЇНСЬКЕ ОБ’ЄДНАННЯ ПАТРІОТІВ – УКРОП""",9.09,Моршинська міська рада,Львівська обл.
529,"Політична партія ""Громадянська позиція""",4.55,Моршинська міська рада,Львівська обл.
530,політична партія Народний Рух України,4.55,Моршинська міська рада,Львівська обл.
531,"Політична партія ""НОВА ПОЛІТИКА""",14.06,Запорізька міська рада,Запорізька обл.
532,"ПОЛІТИЧНА ПАРТІЯ ""УКРАЇНСЬКЕ ОБ’ЄДНАННЯ ПАТРІОТІВ – УКРОП""",14.06,Запорізька міська рада,Запорізька обл.
533,"ПАРТІЯ ""БЛОК ПЕТРА ПОРОШЕНКА ""СОЛІДАРНІСТЬ""",12.5,Запорізька міська рада,Запорізька обл.
534,"Політична партія ""Наш край""",9.38,Запорізька міська рада,Запорізька обл.
535,"політична партія Всеукраїнське об’єднання ""Батьківщина""",9.38,Запорізька міська рада,Запорізька обл.
536,Партія ветеранів Афганістану,5.56,Бердянська міська рада,Запорізька обл.
537,"Політична партія ""Об’єднання ""САМОПОМІЧ""",9.38,Запорізька міська рада,Запорізька обл.
538,"Політична партія ""КОНКРЕТНИХ СПРАВ""",47.06,Хустська міська рада,Закарпатська обл.
539,"ПАРТІЯ ""БЛОК ПЕТРА ПОРОШЕНКА ""СОЛІДАРНІСТЬ""",14.71,Хустська міська рада,Закарпатська обл.
540,"політична партія Всеукраїнське об’єднання ""Свобода""",8.82,Хустська міська рада,Закарпатська обл.
541,"""КМКС"" Партія угорців України",8.82,Хустська міська рада,Закарпатська обл.
542,"Політична Партія ""Опозиційний блок""",8.82,Хустська міська рада,Закарпатська обл.
543,Українська Народна Партія,5.88,Хустська міська рада,Закарпатська обл.
544,політична партія Єдиний Центр,5.88,Хустська міська рада,Закарпатська обл.
545,політична партія Єдиний Центр,30.77,Чопська міська рада,Закарпатська обл.
546,Демократична партія угорців України,46.15,Берегівська міська рада,Закарпатська обл.
547,"ПАРТІЯ ""БЛОК ПЕТРА ПОРОШЕНКА ""СОЛІДАРНІСТЬ""",26.47,Новоград-Волинська міська рада,Житомирська обл.
548,"""КМКС"" Партія угорців України",26.92,Чопська міська рада,Закарпатська обл.
549,"ПАРТІЯ ""БЛОК ПЕТРА ПОРОШЕНКА ""СОЛІДАРНІСТЬ""",19.23,Чопська міська рада,Закарпатська обл.
550,"Політична партія ""Наш край""",7.69,Чопська міська рада,Закарпатська обл.
551,"Політична Партія ""Опозиційний блок""",7.69,Чопська міська рада,Закарпатська обл.
552,"Партія ""Відродження""",7.69,Чопська міська рада,Закарпатська обл.
553,"Політична партія ""Наш край""",17.65,Коростенська міська рада,Житомирська обл.
554,"Партія ""Відродження""",19.23,Берегівська міська рада,Закарпатська обл.
555,політична партія Єдиний Центр,19.23,Берегівська міська рада,Закарпатська обл.
556,"ПАРТІЯ ""БЛОК ПЕТРА ПОРОШЕНКА ""СОЛІДАРНІСТЬ""",15.38,Берегівська міська рада,Закарпатська обл.
557,Народна Партія,17.65,Новоград-Волинська міська рада,Житомирська обл.
558,Радикальна партія Олега Ляшка,14.71,Новоград-Волинська міська рада,Житомирська обл.
559,"політична партія Всеукраїнське об’єднання ""Батьківщина""",11.76,Новоград-Волинська міська рада,Житомирська обл.
560,"Політична Партія ""Опозиційний блок""",8.82,Новоград-Волинська міська рада,Житомирська обл.
561,"Політична партія ""Об’єднання ""САМОПОМІЧ""",8.82,Новоград-Волинська міська рада,Житомирська обл.
562,"ПОЛІТИЧНА ПАРТІЯ ""УКРАЇНСЬКЕ ОБ’ЄДНАННЯ ПАТРІОТІВ – УКРОП""",5.88,Новоград-Волинська міська рада,Житомирська обл.
563,"ПАРТІЯ ""БЛОК ПЕТРА ПОРОШЕНКА ""СОЛІДАРНІСТЬ""",27.78,Бердичівська міська рада,Житомирська обл.
564,"ПАРТІЯ ""БЛОК ПЕТРА ПОРОШЕНКА ""СОЛІДАРНІСТЬ""",23.53,Володимир-Волинська міська рада,Волинська обл.
565,"ПОЛІТИЧНА ПАРТІЯ ""УКРАЇНСЬКЕ ОБ’ЄДНАННЯ ПАТРІОТІВ – УКРОП""",35.71,Луцька міська рада,Волинська обл.
566,"ПОЛІТИЧНА ПАРТІЯ ""УКРАЇНСЬКЕ ОБ’ЄДНАННЯ ПАТРІОТІВ – УКРОП""",17.65,Коростенська міська рада,Житомирська обл.
567,"ПАРТІЯ ""БЛОК ПЕТРА ПОРОШЕНКА ""СОЛІДАРНІСТЬ""",14.71,Коростенська міська рада,Житомирська обл.
568,"політична партія Всеукраїнське об’єднання ""Батьківщина""",14.71,Коростенська міська рада,Житомирська обл.
569,"Політична Партія ""Опозиційний блок""",14.71,Коростенська міська рада,Житомирська обл.
570,Українська Народна Партія,5.88,Новоград-Волинська міська рада,Житомирська обл.
571,"політична партія Всеукраїнське об’єднання ""Батьківщина""",16.67,Бердичівська міська рада,Житомирська обл.
572,"Політична партія ""Об’єднання ""САМОПОМІЧ""",13.89,Бердичівська міська рада,Житомирська обл.
573,Радикальна партія Олега Ляшка,13.89,Бердичівська міська рада,Житомирська обл.
574,"ПОЛІТИЧНА ПАРТІЯ ""УКРАЇНСЬКЕ ОБ’ЄДНАННЯ ПАТРІОТІВ – УКРОП""",8.33,Бердичівська міська рада,Житомирська обл.
575,"Політична Партія ""Опозиційний блок""",8.33,Бердичівська міська рада,Житомирська обл.
576,Патріотична партія України,5.56,Бердичівська міська рада,Житомирська обл.
577,"Політична партія ""Об’єднання ""САМОПОМІЧ""",20.59,Володимир-Волинська міська рада,Волинська обл.
578,"ПОЛІТИЧНА ПАРТІЯ ""УКРАЇНСЬКЕ ОБ’ЄДНАННЯ ПАТРІОТІВ – УКРОП""",14.71,Володимир-Волинська міська рада,Волинська обл.
579,"політична партія Всеукраїнське об’єднання ""Батьківщина""",14.71,Володимир-Волинська міська рада,Волинська обл.
580,"Політична партія ""Наш край""",11.76,Володимир-Волинська міська рада,Волинська обл.
581,"політична партія Всеукраїнське об’єднання ""Свобода""",8.82,Володимир-Волинська міська рада,Волинська обл.
582,"ПАРТІЯ ""БЛОК ПЕТРА ПОРОШЕНКА ""СОЛІДАРНІСТЬ""",19.05,Луцька міська рада,Волинська обл.
583,"політична партія Всеукраїнське об’єднання ""Свобода""",11.9,Луцька міська рада,Волинська обл.
584,"політична партія Всеукраїнське об’єднання ""Батьківщина""",9.52,Луцька міська рада,Волинська обл.
585,"Політична партія ""Об’єднання ""САМОПОМІЧ""",9.52,Луцька міська рада,Волинська обл.
586,"Політична партія ""Нова держава""",11.76,Коростенська міська рада,Житомирська обл.
587,Радикальна партія Олега Ляшка,8.82,Коростенська міська рада,Житомирська обл.
588,"політична партія Всеукраїнське об’єднання ""Свобода""",5.56,Бердичівська міська рада,Житомирська обл.
589,Радикальна партія Олега Ляшка,5.88,Володимир-Волинська міська рада,Волинська обл.
590,"ПОЛІТИЧНА ПАРТІЯ ""ГРОМАДСЬКИЙ РУХ ""НАРОДНИЙ КОНТРОЛЬ"" ",7.14,Луцька міська рада,Волинська обл.
591,Радикальна партія Олега Ляшка,7.14,Луцька міська рада,Волинська обл.
592,"Політична партія ""КОНКРЕТНИХ СПРАВ""",34.62,Новороздільська міська рада,Львівська обл.
593,"Політична партія ""Об’єднання ""САМОПОМІЧ""",11.54,Новороздільська міська рада,Львівська обл.
594,"політична партія Всеукраїнське об’єднання ""Батьківщина""",11.54,Новороздільська міська рада,Львівська обл.
595,"політична партія Всеукраїнське об’єднання ""Свобода""",11.54,Новороздільська міська рада,Львівська обл.
596,"Політична партія ""Сила людей""",7.69,Новороздільська міська рада,Львівська обл.
597,"ПАРТІЯ ""БЛОК ПЕТРА ПОРОШЕНКА ""СОЛІДАРНІСТЬ""",7.69,Новороздільська міська рада,Львівська обл.
598,політична партія Народний Рух України,7.69,Новороздільська міська рада,Львівська обл.
599,"ПОЛІТИЧНА ПАРТІЯ ""УКРАЇНСЬКЕ ОБ’ЄДНАННЯ ПАТРІОТІВ – УКРОП""",7.69,Новороздільська міська рада,Львівська обл.
600,"Політична партія ""Наш край""",30.77,Новогродівська міська рада,Донецька обл.
601,"Політична Партія ""Опозиційний блок""",50.0,Дружківська міська рада,Донецька обл.
602,"Політична Партія ""Опозиційний блок""",61.11,Слов'янська міська рада,Донецька обл.
603,"Політична Партія ""Опозиційний блок""",47.06,Селидівська міська рада,Донецька обл.
604,Партія захисників Вітчизни,26.92,Новогродівська міська рада,Донецька обл.
605,"Політична Партія ""Опозиційний блок""",23.08,Новогродівська міська рада,Донецька обл.
606,політична партія ДемАльянс (Демократичний альянс),15.38,Новогродівська міська рада,Донецька обл.
607,"Політична Партія ""Опозиційний блок""",57.14,Краматорська міська рада,Донецька обл.
608,"Політична партія ""Наш край""",25.0,Дружківська міська рада,Донецька обл.
609,Радикальна партія Олега Ляшка,11.11,Дружківська міська рада,Донецька обл.
610,"ПАРТІЯ ""БЛОК ПЕТРА ПОРОШЕНКА ""СОЛІДАРНІСТЬ""",8.33,Дружківська міська рада,Донецька обл.
611,"ПАРТІЯ ""БЛОК ПЕТРА ПОРОШЕНКА ""СОЛІДАРНІСТЬ""",11.11,Слов'янська міська рада,Донецька обл.
612,"Політична партія ""Наш край""",11.11,Слов'янська міська рада,Донецька обл.
613,"Політична партія ""Наш край""",23.53,Селидівська міська рада,Донецька обл.
614,"ПАРТІЯ ""БЛОК ПЕТРА ПОРОШЕНКА ""СОЛІДАРНІСТЬ""",14.71,Селидівська міська рада,Донецька обл.
615,"політична партія Всеукраїнське об’єднання ""Батьківщина""",8.82,Селидівська міська рада,Донецька обл.
616,"ПАРТІЯ ""БЛОК ПЕТРА ПОРОШЕНКА ""СОЛІДАРНІСТЬ""",3.85,Новогродівська міська рада,Донецька обл.
617,"Політична партія ""Наш край""",23.81,Краматорська міська рада,Донецька обл.
618,"ПАРТІЯ ""БЛОК ПЕТРА ПОРОШЕНКА ""СОЛІДАРНІСТЬ""",11.9,Краматорська міська рада,Донецька обл.
619,Партія Пенсіонерів України,7.14,Краматорська міська рада,Донецька обл.
620,"політична партія Всеукраїнське об’єднання ""Батьківщина""",5.56,Дружківська міська рада,Донецька обл.
621,Аграрна партія України,8.33,Слов'янська міська рада,Донецька обл.
622,"Політична партія ""Об’єднання ""САМОПОМІЧ""",8.33,Слов'янська міська рада,Донецька обл.
623,Радикальна партія Олега Ляшка,5.88,Селидівська міська рада,Донецька обл.
624,"Політична Партія ""Опозиційний блок""",55.88,Добропільська міська рада,Донецька обл.
625,"Політична партія ""Наш край""",14.71,Добропільська міська рада,Донецька обл.
626,"""Жінки за майбутнє"" Всеукраїнське політичне об’єднання",14.71,Добропільська міська рада,Донецька обл.
627,"Політична Партія ""Опозиційний блок""",64.71,Димитровська міська рада,Донецька обл.
628,"Політична Партія ""Опозиційний блок""",50.0,Павлоградська міська рада,Дніпропетровська обл.
629,"Партія ""Відродження""",35.29,Орджонікідзевська міська рада,Дніпропетровська обл.
630,"Політична партія ""Сила людей""",8.82,Добропільська міська рада,Донецька обл.
631,"ПАРТІЯ ""БЛОК ПЕТРА ПОРОШЕНКА ""СОЛІДАРНІСТЬ""",5.88,Добропільська міська рада,Донецька обл.
632,"Політична Партія ""Опозиційний блок""",58.82,Тернівська міська рада,Дніпропетровська обл.
633,"ПАРТІЯ ""БЛОК ПЕТРА ПОРОШЕНКА ""СОЛІДАРНІСТЬ""",8.82,Димитровська міська рада,Донецька обл.
634,"Політична партія ""Наш край""",5.88,Димитровська міська рада,Донецька обл.
635,"політична партія Всеукраїнське об’єднання ""Батьківщина""",5.88,Димитровська міська рада,Донецька обл.
636,"ПОЛІТИЧНА ПАРТІЯ ""УКРАЇНСЬКЕ ОБ’ЄДНАННЯ ПАТРІОТІВ – УКРОП""",22.22,Павлоградська міська рада,Дніпропетровська обл.
637,"ПАРТІЯ ""БЛОК ПЕТРА ПОРОШЕНКА ""СОЛІДАРНІСТЬ""",8.33,Павлоградська міська рада,Дніпропетровська обл.
638,"Політична Партія ""Опозиційний блок""",23.53,Орджонікідзевська міська рада,Дніпропетровська обл.
639,"ПОЛІТИЧНА ПАРТІЯ ""УКРАЇНСЬКЕ ОБ’ЄДНАННЯ ПАТРІОТІВ – УКРОП""",17.65,Орджонікідзевська міська рада,Дніпропетровська обл.
640,"ПАРТІЯ ""БЛОК ПЕТРА ПОРОШЕНКА ""СОЛІДАРНІСТЬ""",8.82,Орджонікідзевська міська рада,Дніпропетровська обл.
641,"Партія ""Відродження""",35.29,Синельниківська міська рада,Дніпропетровська обл.
642,"ПАРТІЯ ""БЛОК ПЕТРА ПОРОШЕНКА ""СОЛІДАРНІСТЬ""",26.19,Житомирська міська рада,Житомирська обл.
643,"Політична Партія ""Опозиційний блок""",44.12,Першотравенська міська рада,Дніпропетровська обл.
644,"Партія ""Відродження""",8.82,Тернівська міська рада,Дніпропетровська обл.
645,"ПАРТІЯ ""БЛОК ПЕТРА ПОРОШЕНКА ""СОЛІДАРНІСТЬ""",8.82,Тернівська міська рада,Дніпропетровська обл.
646,Радикальна партія Олега Ляшка,5.88,Тернівська міська рада,Дніпропетровська обл.
647,"Партія ""Відродження""",5.88,Димитровська міська рада,Донецька обл.
648,"Партія ""Відродження""",8.33,Павлоградська міська рада,Дніпропетровська обл.
649,"політична партія Всеукраїнське об’єднання ""Батьківщина""",5.56,Павлоградська міська рада,Дніпропетровська обл.
650,"політична партія Всеукраїнське об’єднання ""Батьківщина""",8.82,Орджонікідзевська міська рада,Дніпропетровська обл.
651,Радикальна партія Олега Ляшка,5.88,Орджонікідзевська міська рада,Дніпропетровська обл.
652,"Політична Партія ""Опозиційний блок""",26.47,Синельниківська міська рада,Дніпропетровська обл.
653,"ПОЛІТИЧНА ПАРТІЯ ""УКРАЇНСЬКЕ ОБ’ЄДНАННЯ ПАТРІОТІВ – УКРОП""",11.76,Синельниківська міська рада,Дніпропетровська обл.
654,"політична партія Всеукраїнське об’єднання ""Батьківщина""",11.76,Синельниківська міська рада,Дніпропетровська обл.
655,"політична партія Всеукраїнське об’єднання ""Батьківщина""",23.81,Житомирська міська рада,Житомирська обл.
656,"Політична партія ""Об’єднання ""САМОПОМІЧ""",16.67,Житомирська міська рада,Житомирська обл.
657,"ПОЛІТИЧНА ПАРТІЯ ""УКРАЇНСЬКЕ ОБ’ЄДНАННЯ ПАТРІОТІВ – УКРОП""",17.65,Першотравенська міська рада,Дніпропетровська обл.
658,"Партія ""Відродження""",14.71,Першотравенська міська рада,Дніпропетровська обл.
659,"ПАРТІЯ ""БЛОК ПЕТРА ПОРОШЕНКА ""СОЛІДАРНІСТЬ""",11.76,Першотравенська міська рада,Дніпропетровська обл.
660,"ПОЛІТИЧНА ПАРТІЯ ""УКРАЇНСЬКЕ ОБ’ЄДНАННЯ ПАТРІОТІВ – УКРОП""",5.88,Тернівська міська рада,Дніпропетровська обл.
661,"Політична партія ""Громадянська позиція""",5.88,Тернівська міська рада,Дніпропетровська обл.
662,"Політична партія ""Об’єднання ""САМОПОМІЧ""",5.56,Павлоградська міська рада,Дніпропетровська обл.
663,"ПАРТІЯ ""БЛОК ПЕТРА ПОРОШЕНКА ""СОЛІДАРНІСТЬ""",8.82,Синельниківська міська рада,Дніпропетровська обл.
664,Радикальна партія Олега Ляшка,5.88,Синельниківська міська рада,Дніпропетровська обл.
665,"політична партія Всеукраїнське об’єднання ""Свобода""",11.9,Житомирська міська рада,Житомирська обл.
666,"Політична Партія ""Опозиційний блок""",11.9,Житомирська міська рада,Житомирська обл.
667,Радикальна партія Олега Ляшка,5.88,Першотравенська міська рада,Дніпропетровська обл.
668,"політична партія Всеукраїнське об’єднання ""Батьківщина""",5.88,Першотравенська міська рада,Дніпропетровська обл.
669,"політична партія Всеукраїнське об’єднання ""Батьківщина""",5.88,Тернівська міська рада,Дніпропетровська обл.
670,"Політична Партія ""Опозиційний блок""",36.11,Новомосковська міська рада,Дніпропетровська обл.
671,"Партія ""Відродження""",28.57,Нікопольська міська рада,Дніпропетровська обл.
672,"Політична Партія ""Опозиційний блок""",23.53,Марганецька міська рада,Дніпропетровська обл.
673,Радикальна партія Олега Ляшка,9.52,Житомирська міська рада,Житомирська обл.
674,"Політична Партія ""Опозиційний блок""",45.31,Криворізька міська рада,Дніпропетровська обл.
675,"ПОЛІТИЧНА ПАРТІЯ ""УКРАЇНСЬКЕ ОБ’ЄДНАННЯ ПАТРІОТІВ – УКРОП""",29.41,Жовтоводська міська рада,Дніпропетровська обл.
676,"ПАРТІЯ ""БЛОК ПЕТРА ПОРОШЕНКА ""СОЛІДАРНІСТЬ""",16.67,Новомосковська міська рада,Дніпропетровська обл.
677,"ПОЛІТИЧНА ПАРТІЯ ""УКРАЇНСЬКЕ ОБ’ЄДНАННЯ ПАТРІОТІВ – УКРОП""",11.11,Новомосковська міська рада,Дніпропетровська обл.
678,"Партія ""Відродження""",11.11,Новомосковська міська рада,Дніпропетровська обл.
679,"Політична Партія ""Опозиційний блок""",26.19,Дніпродзержинська міська рада,Дніпропетровська обл.
680,"ПОЛІТИЧНА ПАРТІЯ ""УКРАЇНСЬКЕ ОБ’ЄДНАННЯ ПАТРІОТІВ – УКРОП""",19.05,Нікопольська міська рада,Дніпропетровська обл.
681,"ПАРТІЯ ""БЛОК ПЕТРА ПОРОШЕНКА ""СОЛІДАРНІСТЬ""",16.67,Нікопольська міська рада,Дніпропетровська обл.
682,"політична партія Всеукраїнське об’єднання ""Батьківщина""",14.71,Марганецька міська рада,Дніпропетровська обл.
683,"ПОЛІТИЧНА ПАРТІЯ ""УКРАЇНСЬКЕ ОБ’ЄДНАННЯ ПАТРІОТІВ – УКРОП""",14.71,Марганецька міська рада,Дніпропетровська обл.
684,"Партія ""Відродження""",11.76,Марганецька міська рада,Дніпропетровська обл.
685,"Політична партія ""Об’єднання ""САМОПОМІЧ""",10.94,Криворізька міська рада,Дніпропетровська обл.
686,"ПОЛІТИЧНА ПАРТІЯ ""УКРАЇНСЬКЕ ОБ’ЄДНАННЯ ПАТРІОТІВ – УКРОП""",10.94,Криворізька міська рада,Дніпропетровська обл.
687,"ПАРТІЯ ""БЛОК ПЕТРА ПОРОШЕНКА ""СОЛІДАРНІСТЬ""",9.38,Криворізька міська рада,Дніпропетровська обл.
688,"Політична Партія ""Опозиційний блок""",20.59,Жовтоводська міська рада,Дніпропетровська обл.
689,Радикальна партія Олега Ляшка,14.71,Жовтоводська міська рада,Дніпропетровська обл.
690,Партія Зелених України,11.11,Новомосковська міська рада,Дніпропетровська обл.
691,"політична партія Всеукраїнське об’єднання ""Батьківщина""",8.33,Новомосковська міська рада,Дніпропетровська обл.
692,Радикальна партія Олега Ляшка,5.56,Новомосковська міська рада,Дніпропетровська обл.
693,"ПОЛІТИЧНА ПАРТІЯ ""УКРАЇНСЬКЕ ОБ’ЄДНАННЯ ПАТРІОТІВ – УКРОП""",14.29,Дніпродзержинська міська рада,Дніпропетровська обл.
694,"ПАРТІЯ ""БЛОК ПЕТРА ПОРОШЕНКА ""СОЛІДАРНІСТЬ""",11.9,Дніпродзержинська міська рада,Дніпропетровська обл.
695,"ПОЛІТИЧНА ПАРТІЯ ""ГРОМАДСЬКИЙ РУХ ""НАРОДНИЙ КОНТРОЛЬ"" ",9.52,Дніпродзержинська міська рада,Дніпропетровська обл.
696,"Політична Партія ""Опозиційний блок""",14.29,Нікопольська міська рада,Дніпропетровська обл.
697,"політична партія Всеукраїнське об’єднання ""Батьківщина""",11.9,Нікопольська міська рада,Дніпропетровська обл.
698,"ПАРТІЯ ""БЛОК ПЕТРА ПОРОШЕНКА ""СОЛІДАРНІСТЬ""",38.24,Малинська міська рада,Житомирська обл.
699,"ПАРТІЯ ""БЛОК ПЕТРА ПОРОШЕНКА ""СОЛІДАРНІСТЬ""",11.76,Марганецька міська рада,Дніпропетровська обл.
700,"Політична партія ""Об’єднання ""САМОПОМІЧ""",5.88,Марганецька міська рада,Дніпропетровська обл.
701,Радикальна партія Олега Ляшка,5.88,Марганецька міська рада,Дніпропетровська обл.
702,"політична партія Всеукраїнське об’єднання ""Батьківщина""",9.38,Криворізька міська рада,Дніпропетровська обл.
703,Радикальна партія Олега Ляшка,7.81,Криворізька міська рада,Дніпропетровська обл.
704,"Політична партія ""Сила людей""",6.25,Криворізька міська рада,Дніпропетровська обл.
705,"політична партія Всеукраїнське об’єднання ""Батьківщина""",11.76,Жовтоводська міська рада,Дніпропетровська обл.
706,"ПАРТІЯ ""БЛОК ПЕТРА ПОРОШЕНКА ""СОЛІДАРНІСТЬ""",11.76,Жовтоводська міська рада,Дніпропетровська обл.
707,"Партія ""Відродження""",11.76,Жовтоводська міська рада,Дніпропетровська обл.
708,"Партія ""Відродження""",9.52,Дніпродзержинська міська рада,Дніпропетровська обл.
709,"політична партія Всеукраїнське об’єднання ""Батьківщина""",9.52,Дніпродзержинська міська рада,Дніпропетровська обл.
710,"Політична партія ""Об’єднання ""САМОПОМІЧ""",7.14,Дніпродзержинська міська рада,Дніпропетровська обл.
711,"Партія ""Громадська сила""",9.52,Нікопольська міська рада,Дніпропетровська обл.
712,"політична партія Всеукраїнське об’єднання ""Батьківщина""",26.47,Малинська міська рада,Житомирська обл.
713,Народна Партія,11.76,Малинська міська рада,Житомирська обл.
714,"Політична партія ""Сила людей""",8.82,Малинська міська рада,Житомирська обл.
715,Партія захисників Вітчизни,5.88,Марганецька міська рада,Дніпропетровська обл.
716,"ПОЛІТИЧНА ПАРТІЯ ""ГРОМАДСЬКИЙ РУХ ""НАРОДНИЙ КОНТРОЛЬ"" ",5.88,Марганецька міська рада,Дніпропетровська обл.
717,"Політична Партія ""Опозиційний блок""",38.46,Вугледарська міська рада,Донецька обл.
718,"Політична партія ""Наш край""",7.14,Дніпродзержинська міська рада,Дніпропетровська обл.
719,"політична партія Всеукраїнське об’єднання ""Свобода""",4.76,Дніпродзержинська міська рада,Дніпропетровська обл.
720,"Політична Партія ""Опозиційний блок""",23.08,Вільногірська міська рада,Дніпропетровська обл.
721,"ПОЛІТИЧНА ПАРТІЯ ""УКРАЇНСЬКЕ ОБ’ЄДНАННЯ ПАТРІОТІВ – УКРОП""",8.82,Малинська міська рада,Житомирська обл.
722,Радикальна партія Олега Ляшка,5.88,Малинська міська рада,Житомирська обл.
723,"Політична Партія ""Опозиційний блок""",39.06,Дніпропетровська міська рада,Дніпропетровська обл.
724,"Політична партія ""Наш край""",34.62,Вугледарська міська рада,Донецька обл.
725,"ПАРТІЯ ""БЛОК ПЕТРА ПОРОШЕНКА ""СОЛІДАРНІСТЬ""",11.54,Вугледарська міська рада,Донецька обл.
726,"політична партія Всеукраїнське об’єднання ""Батьківщина""",15.38,Вільногірська міська рада,Дніпропетровська обл.
727,"ПОЛІТИЧНА ПАРТІЯ ""УКРАЇНСЬКЕ ОБ’ЄДНАННЯ ПАТРІОТІВ – УКРОП""",15.38,Вільногірська міська рада,Дніпропетровська обл.
728,"ПОЛІТИЧНА ПАРТІЯ ""УКРАЇНСЬКЕ ОБ’ЄДНАННЯ ПАТРІОТІВ – УКРОП""",32.81,Дніпропетровська міська рада,Дніпропетровська обл.
729,"Партія ""Громадська сила""",10.94,Дніпропетровська міська рада,Дніпропетровська обл.
730,"ПАРТІЯ ""БЛОК ПЕТРА ПОРОШЕНКА ""СОЛІДАРНІСТЬ""",9.38,Дніпропетровська міська рада,Дніпропетровська обл.
731,"Політична партія ""Об’єднання ""САМОПОМІЧ""",7.81,Дніпропетровська міська рада,Дніпропетровська обл.
732,"політична партія Всеукраїнське об’єднання ""Батьківщина""",11.54,Вугледарська міська рада,Донецька обл.
733,Ліберальна партія України,3.85,Вугледарська міська рада,Донецька обл.
734,"Партія ""Відродження""",11.54,Вільногірська міська рада,Дніпропетровська обл.
735,Радикальна партія Олега Ляшка,11.54,Вільногірська міська рада,Дніпропетровська обл.
736,"Політична партія ""Сила людей""",7.69,Вільногірська міська рада,Дніпропетровська обл.
737,"Політична партія ""Партія місцевого самоврядування""",7.69,Вільногірська міська рада,Дніпропетровська обл.
738,"ПАРТІЯ ""БЛОК ПЕТРА ПОРОШЕНКА ""СОЛІДАРНІСТЬ""",7.69,Вільногірська міська рада,Дніпропетровська обл.
739,"політична партія Всеукраїнське об’єднання ""Батьківщина""",30.77,Новодністровська міська рада,Чернівецька обл.
740,"ПАРТІЯ ""БЛОК ПЕТРА ПОРОШЕНКА ""СОЛІДАРНІСТЬ""",23.08,Новодністровська міська рада,Чернівецька обл.
741,Українська Народна Партія,7.69,Новодністровська міська рада,Чернівецька обл.
742,"політична партія Всеукраїнське об’єднання ""Свобода""",23.81,Хмельницька міська рада,Хмельницька обл.
743,"ПАРТІЯ ""БЛОК ПЕТРА ПОРОШЕНКА ""СОЛІДАРНІСТЬ""",17.65,Старокостянтинівська міська рада,Хмельницька обл.
744,"Політична партія ""Наш край""",28.57,Чернігівська міська рада,Чернігівська обл.
745,Партія Вільних демократів,19.05,Черкаська міська рада,Черкаська обл.
746,"Політична партія ""Нова держава""",7.69,Новодністровська міська рада,Чернівецька обл.
747,"Політична партія ""Сила людей""",7.69,Новодністровська міська рада,Чернівецька обл.
748,"Політична партія ""Рідне місто""",23.81,Чернівецька міська рада,Чернівецька обл.
749,"Політична партія ""Об’єднання ""САМОПОМІЧ""",21.43,Хмельницька міська рада,Хмельницька обл.
750,"ПАРТІЯ ""БЛОК ПЕТРА ПОРОШЕНКА ""СОЛІДАРНІСТЬ""",16.67,Хмельницька міська рада,Хмельницька обл.
751,"Політична партія ""Сила людей""",14.71,Старокостянтинівська міська рада,Хмельницька обл.
752,"політична партія Всеукраїнське об’єднання ""Свобода""",11.76,Старокостянтинівська міська рада,Хмельницька обл.
753,"політична партія Всеукраїнське об’єднання ""Батьківщина""",11.76,Старокостянтинівська міська рада,Хмельницька обл.
754,"ПАРТІЯ ""БЛОК ПЕТРА ПОРОШЕНКА ""СОЛІДАРНІСТЬ""",21.43,Чернігівська міська рада,Чернігівська обл.
755,"політична партія Всеукраїнське об’єднання ""Батьківщина""",16.67,Чернігівська міська рада,Чернігівська обл.
756,"Політична партія ""Об’єднання ""САМОПОМІЧ""",11.9,Чернігівська міська рада,Чернігівська обл.
757,"ПАРТІЯ ""БЛОК ПЕТРА ПОРОШЕНКА ""СОЛІДАРНІСТЬ""",14.29,Черкаська міська рада,Черкаська обл.
758,"політична партія Всеукраїнське об’єднання ""Батьківщина""",14.29,Черкаська міська рада,Черкаська обл.
759,"Політична партія ""Об’єднання ""САМОПОМІЧ""",11.9,Черкаська міська рада,Черкаська обл.
760,Аграрна партія України,7.69,Новодністровська міська рада,Чернівецька обл.
761,"Політична партія ""Громадянська позиція""",7.69,Новодністровська міська рада,Чернівецька обл.
762,"Політична партія ""АВТО-МАЙДАН""",7.69,Новодністровська міська рада,Чернівецька обл.
763,"ПАРТІЯ ""БЛОК ПЕТРА ПОРОШЕНКА ""СОЛІДАРНІСТЬ""",21.43,Чернівецька міська рада,Чернівецька обл.
764,"політична партія Всеукраїнське об’єднання ""Батьківщина""",16.67,Чернівецька міська рада,Чернівецька обл.
765,"Політична партія ""Об’єднання ""САМОПОМІЧ""",14.29,Чернівецька міська рада,Чернівецька обл.
766,"Політична партія ""Наш край""",23.08,Новгород-Сіверська міська рада,Чернігівська обл.
767,"ПОЛІТИЧНА ПАРТІЯ ""ЗА КОНКРЕТНІ СПРАВИ"" ",14.29,Хмельницька міська рада,Хмельницька обл.
768,"політична партія Всеукраїнське об’єднання ""Батьківщина""",14.29,Хмельницька міська рада,Хмельницька обл.
769,"політична партія Всеукраїнське об’єднання ""Свобода""",20.59,Шепетівська міська рада,Хмельницька обл.
770,"Партія ""Відродження""",8.82,Старокостянтинівська міська рада,Хмельницька обл.
771,"Політична Партія ""Опозиційний блок""",7.14,Чернігівська міська рада,Чернігівська обл.
772,"політична партія Всеукраїнське об’єднання ""Свобода""",11.9,Черкаська міська рада,Черкаська обл.
773,"політична партія Всеукраїнське об’єднання ""ЧЕРКАЩАНИ""",11.9,Черкаська міська рада,Черкаська обл.
774,"політична партія Всеукраїнське об’єднання ""Свобода""",11.9,Чернівецька міська рада,Чернівецька обл.
775,"ПОЛІТИЧНА ПАРТІЯ ""ГРОМАДСЬКИЙ РУХ ""НАРОДНИЙ КОНТРОЛЬ"" ",11.9,Чернівецька міська рада,Чернівецька обл.
776,"Політична Партія ""Опозиційний блок""",19.23,Новгород-Сіверська міська рада,Чернігівська обл.
777,"ПАРТІЯ ""БЛОК ПЕТРА ПОРОШЕНКА ""СОЛІДАРНІСТЬ""",19.23,Новгород-Сіверська міська рада,Чернігівська обл.
778,"політична партія Всеукраїнське об’єднання ""Батьківщина""",15.38,Новгород-Сіверська міська рада,Чернігівська обл.
779,"ПОЛІТИЧНА ПАРТІЯ ""ПОРУЧ""",9.52,Хмельницька міська рада,Хмельницька обл.
780,Аграрна партія України,20.59,Шепетівська міська рада,Хмельницька обл.
781,"ПАРТІЯ ""БЛОК ПЕТРА ПОРОШЕНКА ""СОЛІДАРНІСТЬ""",17.65,Шепетівська міська рада,Хмельницька обл.
782,"політична партія Всеукраїнське об’єднання ""Батьківщина""",8.82,Шепетівська міська рада,Хмельницька обл.
783,"Політична Партія ""Опозиційний блок""",8.82,Старокостянтинівська міська рада,Хмельницька обл.
784,Аграрна партія України,8.82,Старокостянтинівська міська рада,Хмельницька обл.
785,"ПОЛІТИЧНА ПАРТІЯ ""ЗА КОНКРЕТНІ СПРАВИ"" ",8.82,Старокостянтинівська міська рада,Хмельницька обл.
786,"політична партія Всеукраїнське об’єднання ""Батьківщина""",23.53,Славутська міська рада,Хмельницька обл.
787,політична партія ДемАльянс (Демократичний альянс),7.14,Чернігівська міська рада,Чернігівська обл.
788,Радикальна партія Олега Ляшка,7.14,Чернігівська міська рада,Чернігівська обл.
789,"ПОЛІТИЧНА ПАРТІЯ ""УКРАЇНСЬКЕ ОБ’ЄДНАННЯ ПАТРІОТІВ – УКРОП""",9.52,Черкаська міська рада,Черкаська обл.
790,Радикальна партія Олега Ляшка,7.14,Черкаська міська рада,Черкаська обл.
791,"Політична партія ""Воля""",29.41,Нетішинська міська рада,Хмельницька обл.
792,"ПАРТІЯ ""БЛОК ПЕТРА ПОРОШЕНКА ""СОЛІДАРНІСТЬ""",22.22,Кам'янець-Подільська міська рада,Хмельницька обл.
793,"Політична партія ""Партія місцевого самоврядування""",22.22,Новокаховська міська рада,Херсонська обл.
794,"Політична Партія ""Опозиційний блок""",23.53,Каховська міська рада,Херсонська обл.
795,"ПАРТІЯ ""БЛОК ПЕТРА ПОРОШЕНКА ""СОЛІДАРНІСТЬ""",20.37,Херсонська міська рада,Херсонська обл.
796,Радикальна партія Олега Ляшка,15.38,Новгород-Сіверська міська рада,Чернігівська обл.
797,Аграрна партія України,7.69,Новгород-Сіверська міська рада,Чернігівська обл.
798,"політична партія Всеукраїнське об’єднання ""Батьківщина""",30.77,Голопристанська міська рада,Херсонська обл.
799,"Партія ""Відродження""",33.33,Уманська міська рада,Черкаська обл.
800,Радикальна партія Олега Ляшка,8.82,Шепетівська міська рада,Хмельницька обл.
801,"ПОЛІТИЧНА ПАРТІЯ ""ЗА КОНКРЕТНІ СПРАВИ"" ",8.82,Шепетівська міська рада,Хмельницька обл.
802,"ПОЛІТИЧНА ПАРТІЯ ""УКРАЇНСЬКЕ ОБ’ЄДНАННЯ ПАТРІОТІВ – УКРОП""",8.82,Старокостянтинівська міська рада,Хмельницька обл.
803,"ПАРТІЯ ""БЛОК ПЕТРА ПОРОШЕНКА ""СОЛІДАРНІСТЬ""",17.65,Славутська міська рада,Хмельницька обл.
804,"Політична партія ""Об’єднання ""САМОПОМІЧ""",14.71,Славутська міська рада,Хмельницька обл.
805,"ПОЛІТИЧНА ПАРТІЯ ""ЗА КОНКРЕТНІ СПРАВИ"" ",11.76,Славутська міська рада,Хмельницька обл.
806,"політична партія Всеукраїнське об’єднання ""Свобода""",14.71,Нетішинська міська рада,Хмельницька обл.
807,"ПОЛІТИЧНА ПАРТІЯ ""ГРОМАДСЬКИЙ РУХ ""НАРОДНИЙ КОНТРОЛЬ"" ",14.71,Нетішинська міська рада,Хмельницька обл.
808,"ПАРТІЯ ""БЛОК ПЕТРА ПОРОШЕНКА ""СОЛІДАРНІСТЬ""",14.71,Нетішинська міська рада,Хмельницька обл.
809,"політична партія Всеукраїнське об’єднання ""Батьківщина""",11.76,Нетішинська міська рада,Хмельницька обл.
810,"політична партія Всеукраїнське об’єднання ""Свобода""",16.67,Кам'янець-Подільська міська рада,Хмельницька обл.
811,"політична партія Всеукраїнське об’єднання ""Батьківщина""",16.67,Кам'янець-Подільська міська рада,Хмельницька обл.
812,"ПОЛІТИЧНА ПАРТІЯ ""УКРАЇНСЬКЕ ОБ’ЄДНАННЯ ПАТРІОТІВ – УКРОП""",8.33,Кам'янець-Подільська міська рада,Хмельницька обл.
813,"Політична Партія ""Опозиційний блок""",16.67,Новокаховська міська рада,Херсонська обл.
814,"ПАРТІЯ ""БЛОК ПЕТРА ПОРОШЕНКА ""СОЛІДАРНІСТЬ""",16.67,Новокаховська міська рада,Херсонська обл.
815,"політична партія Всеукраїнське об’єднання ""Батьківщина""",11.11,Новокаховська міська рада,Херсонська обл.
816,"ПАРТІЯ ""БЛОК ПЕТРА ПОРОШЕНКА ""СОЛІДАРНІСТЬ""",23.53,Каховська міська рада,Херсонська обл.
817,"Політична партія ""Об’єднання ""САМОПОМІЧ""",14.71,Каховська міська рада,Херсонська обл.
818,"політична партія Всеукраїнське об’єднання ""Батьківщина""",11.76,Каховська міська рада,Херсонська обл.
819,Радикальна партія Олега Ляшка,8.82,Каховська міська рада,Херсонська обл.
820,"Політична партія ""Наш край""",16.67,Херсонська міська рада,Херсонська обл.
821,"Політична Партія ""Опозиційний блок""",16.67,Херсонська міська рада,Херсонська обл.
822,"Політична партія ""Об’єднання ""САМОПОМІЧ""",12.96,Херсонська міська рада,Херсонська обл.
823,"Політична партія ""Наш край""",19.23,Голопристанська міська рада,Херсонська обл.
824,"ПАРТІЯ ""БЛОК ПЕТРА ПОРОШЕНКА ""СОЛІДАРНІСТЬ""",19.23,Голопристанська міська рада,Херсонська обл.
825,Радикальна партія Олега Ляшка,11.54,Голопристанська міська рада,Херсонська обл.
826,"Політична Партія ""Опозиційний блок""",11.54,Голопристанська міська рада,Херсонська обл.
827,"ПАРТІЯ ""БЛОК ПЕТРА ПОРОШЕНКА ""СОЛІДАРНІСТЬ""",25.0,Уманська міська рада,Черкаська обл.
828,"політична партія Всеукраїнське об’єднання ""Свобода""",11.11,Уманська міська рада,Черкаська обл.
829,"Політична партія ""Об’єднання ""САМОПОМІЧ""",8.82,Шепетівська міська рада,Хмельницька обл.
830,"ПОЛІТИЧНА ПАРТІЯ ""СИЛА ГРОМАД""",5.88,Шепетівська міська рада,Хмельницька обл.
831,"політична партія Всеукраїнське об’єднання ""Свобода""",11.76,Славутська міська рада,Хмельницька обл.
832,Радикальна партія Олега Ляшка,8.82,Славутська міська рада,Хмельницька обл.
833,"ПОЛІТИЧНА ПАРТІЯ ""ГРОМАДСЬКИЙ РУХ ""НАРОДНИЙ КОНТРОЛЬ"" ",5.88,Славутська міська рада,Хмельницька обл.
834,"ПОЛІТИЧНА ПАРТІЯ ""ЗА КОНКРЕТНІ СПРАВИ"" ",8.82,Нетішинська міська рада,Хмельницька обл.
835,"ПОЛІТИЧНА ПАРТІЯ ""УКРАЇНСЬКЕ ОБ’ЄДНАННЯ ПАТРІОТІВ – УКРОП""",5.88,Нетішинська міська рада,Хмельницька обл.
836,"ПОЛІТИЧНА ПАРТІЯ ""ЗА КОНКРЕТНІ СПРАВИ"" ",8.33,Кам'янець-Подільська міська рада,Хмельницька обл.
837,"Політична партія ""Рідне місто""",8.33,Кам'янець-Подільська міська рада,Хмельницька обл.
838,Радикальна партія Олега Ляшка,8.33,Кам'янець-Подільська міська рада,Хмельницька обл.
839,"Політична партія ""Совість України""",11.11,Новокаховська міська рада,Херсонська обл.
840,"Політична партія ""Наш край""",8.33,Новокаховська міська рада,Херсонська обл.
841,"ПОЛІТИЧНА ПАРТІЯ ""УКРАЇНСЬКЕ ОБ’ЄДНАННЯ ПАТРІОТІВ – УКРОП""",8.33,Новокаховська міська рада,Херсонська обл.
842,"Партія ""Відродження""",5.88,Каховська міська рада,Херсонська обл.
843,"Політична партія ""Союз Лівих Сил""",5.88,Каховська міська рада,Херсонська обл.
844,"ПОЛІТИЧНА ПАРТІЯ ""УКРАЇНСЬКЕ ОБ’ЄДНАННЯ ПАТРІОТІВ – УКРОП""",5.88,Каховська міська рада,Херсонська обл.
845,"політична партія Всеукраїнське об’єднання ""Батьківщина""",11.11,Херсонська міська рада,Херсонська обл.
846,"ПОЛІТИЧНА ПАРТІЯ ""УКРАЇНСЬКЕ ОБ’ЄДНАННЯ ПАТРІОТІВ – УКРОП""",9.26,Херсонська міська рада,Херсонська обл.
847,"політична партія Всеукраїнське об’єднання ""Свобода""",7.41,Херсонська міська рада,Херсонська обл.
848,"політична партія Всеукраїнське об’єднання ""Свобода""",7.69,Голопристанська міська рада,Херсонська обл.
849,"Українська партія ""Єдність""",47.06,Южноукраїнська міська рада,Миколаївська обл.
850,"ПАРТІЯ ""БЛОК ПЕТРА ПОРОШЕНКА ""СОЛІДАРНІСТЬ""",25.0,Первомайська міська рада,Миколаївська обл.
851,"Політична Партія ""Опозиційний блок""",19.23,Очаківська міська рада,Миколаївська обл.
852,"Політична партія ""Об’єднання ""САМОПОМІЧ""",8.33,Уманська міська рада,Черкаська обл.
853,"політична партія Всеукраїнське об’єднання ""Батьківщина""",8.33,Уманська міська рада,Черкаська обл.
854,"Політична партія ""Наш край""",8.33,Уманська міська рада,Черкаська обл.
855,"ПОЛІТИЧНА ПАРТІЯ ""УКРАЇНСЬКЕ ОБ’ЄДНАННЯ ПАТРІОТІВ – УКРОП""",5.56,Уманська міська рада,Черкаська обл.
856,"Політична Партія ""Опозиційний блок""",20.59,Вознесенська міська рада,Миколаївська обл.
857,"Політична Партія ""Опозиційний блок""",48.15,Миколаївська міська рада,Миколаївська обл.
858,"ПОЛІТИЧНА ПАРТІЯ ""УКРАЇНСЬКЕ ОБ’ЄДНАННЯ ПАТРІОТІВ – УКРОП""",2.94,Славутська міська рада,Хмельницька обл.
859,"політична партія Всеукраїнське об’єднання ""Свобода""",30.95,Тернопільська міська рада,Тернопільська обл.
860,"Партія ""Відродження""",5.56,Кам'янець-Подільська міська рада,Хмельницька обл.
861,Народна Партія,5.56,Кам'янець-Подільська міська рада,Хмельницька обл.
862,"Партія ""Відродження""",5.56,Новокаховська міська рада,Херсонська обл.
863,Радикальна партія Олега Ляшка,5.56,Херсонська міська рада,Херсонська обл.
864,"Політична Партія ""Опозиційний блок""",11.76,Южноукраїнська міська рада,Миколаївська обл.
865,"Політична партія ""Наш край""",11.76,Южноукраїнська міська рада,Миколаївська обл.
866,"ПАРТІЯ ""БЛОК ПЕТРА ПОРОШЕНКА ""СОЛІДАРНІСТЬ""",11.76,Южноукраїнська міська рада,Миколаївська обл.
867,"Політична Партія ""Опозиційний блок""",19.44,Первомайська міська рада,Миколаївська обл.
868,"політична партія Всеукраїнське об’єднання ""Батьківщина""",19.44,Первомайська міська рада,Миколаївська обл.
869,"Політична партія ""Наш край""",16.67,Первомайська міська рада,Миколаївська обл.
870,"Політична партія ""Наш край""",19.23,Очаківська міська рада,Миколаївська обл.
871,"ПАРТІЯ ""БЛОК ПЕТРА ПОРОШЕНКА ""СОЛІДАРНІСТЬ""",19.23,Очаківська міська рада,Миколаївська обл.
872,"Політична партія ""Нова держава""",15.38,Очаківська міська рада,Миколаївська обл.
873,"Партія ""Відродження""",11.54,Очаківська міська рада,Миколаївська обл.
874,"політична партія Всеукраїнське об’єднання ""Батьківщина""",11.54,Очаківська міська рада,Миколаївська обл.
875,"Партія ""Відродження""",14.71,Вознесенська міська рада,Миколаївська обл.
876,"Політична партія ""Наш край""",14.71,Вознесенська міська рада,Миколаївська обл.
877,"ПАРТІЯ ""БЛОК ПЕТРА ПОРОШЕНКА ""СОЛІДАРНІСТЬ""",14.71,Вознесенська міська рада,Миколаївська обл.
878,"політична партія Всеукраїнське об’єднання ""Батьківщина""",11.76,Вознесенська міська рада,Миколаївська обл.
879,"Політична партія ""Об’єднання ""САМОПОМІЧ""",18.52,Миколаївська міська рада,Миколаївська обл.
880,"ПАРТІЯ ""БЛОК ПЕТРА ПОРОШЕНКА ""СОЛІДАРНІСТЬ""",16.67,Миколаївська міська рада,Миколаївська обл.
881,"Політична партія ""Наш край""",16.67,Миколаївська міська рада,Миколаївська обл.
882,"ПАРТІЯ ""БЛОК ПЕТРА ПОРОШЕНКА ""СОЛІДАРНІСТЬ""",16.67,Тернопільська міська рада,Тернопільська обл.
883,"Політична партія ""Об’єднання ""САМОПОМІЧ""",16.67,Тернопільська міська рада,Тернопільська обл.
884,"політична партія Всеукраїнське об’єднання ""Батьківщина""",9.52,Тернопільська міська рада,Тернопільська обл.
885,"Політична партія ""Громадянська позиція""",9.52,Тернопільська міська рада,Тернопільська обл.
886,"ПОЛІТИЧНА ПАРТІЯ ""ГРОМАДСЬКИЙ РУХ ""НАРОДНИЙ КОНТРОЛЬ"" ",9.52,Тернопільська міська рада,Тернопільська обл.
887,"Політична партія ""Сила людей""",29.41,Чортківська міська рада,Тернопільська обл.
888,"ПАРТІЯ ""БЛОК ПЕТРА ПОРОШЕНКА ""СОЛІДАРНІСТЬ""",23.08,Кременецька міська рада,Тернопільська обл.
889,"ПАРТІЯ ""БЛОК ПЕТРА ПОРОШЕНКА ""СОЛІДАРНІСТЬ""",23.08,Бережанська міська рада,Тернопільська обл.
890,"Політична партія ""Всеукраїнське об’єднання ""ЦЕНТР""",50.0,Чугуївська міська рада,Харківська обл.
891,"ПАРТІЯ ""БЛОК ПЕТРА ПОРОШЕНКА ""СОЛІДАРНІСТЬ""",35.29,Первомайська міська рада,Харківська обл.
892,"політична партія Всеукраїнське об’єднання ""Батьківщина""",5.88,Южноукраїнська міська рада,Миколаївська обл.
893,"політична партія Всеукраїнське об’єднання ""Свобода""",5.88,Южноукраїнська міська рада,Миколаївська обл.
894,"ПОЛІТИЧНА ПАРТІЯ ""УКРАЇНСЬКЕ ОБ’ЄДНАННЯ ПАТРІОТІВ – УКРОП""",5.88,Южноукраїнська міська рада,Миколаївська обл.
895,"Партія ""Відродження""",35.29,Люботинська міська рада,Харківська обл.
896,"Партія ""Відродження""",58.82,Куп'янська міська рада,Харківська обл.
897,"Партія ""Відродження""",8.33,Первомайська міська рада,Миколаївська обл.
898,"політична партія Всеукраїнське об’єднання ""Свобода""",5.56,Первомайська міська рада,Миколаївська обл.
899,"Політична партія ""Нова держава""",5.56,Первомайська міська рада,Миколаївська обл.
900,"ПОЛІТИЧНА ПАРТІЯ ""УКРАЇНСЬКЕ ОБ’ЄДНАННЯ ПАТРІОТІВ – УКРОП""",3.85,Очаківська міська рада,Миколаївська обл.
901,Радикальна партія Олега Ляшка,8.82,Вознесенська міська рада,Миколаївська обл.
902,"ПОЛІТИЧНА ПАРТІЯ ""УКРАЇНСЬКЕ ОБ’ЄДНАННЯ ПАТРІОТІВ – УКРОП""",8.82,Вознесенська міська рада,Миколаївська обл.
903,"Політична партія ""Національна Демократична партія України""",5.88,Вознесенська міська рада,Миколаївська обл.
904,Радикальна партія Олега Ляшка,7.14,Тернопільська міська рада,Тернопільська обл.
905,"політична партія Всеукраїнське об’єднання ""Свобода""",20.59,Чортківська міська рада,Тернопільська обл.
906,"ПАРТІЯ ""БЛОК ПЕТРА ПОРОШЕНКА ""СОЛІДАРНІСТЬ""",17.65,Чортківська міська рада,Тернопільська обл.
907,"Політична партія ""Об’єднання ""САМОПОМІЧ""",11.76,Чортківська міська рада,Тернопільська обл.
908,Радикальна партія Олега Ляшка,11.76,Чортківська міська рада,Тернопільська обл.
909,"політична партія Всеукраїнське об’єднання ""Свобода""",23.08,Кременецька міська рада,Тернопільська обл.
910,"ПОЛІТИЧНА ПАРТІЯ ""ГРОМАДСЬКИЙ РУХ ""НАРОДНИЙ КОНТРОЛЬ"" ",15.38,Кременецька міська рада,Тернопільська обл.
911,"політична партія Всеукраїнське об’єднання ""Батьківщина""",15.38,Кременецька міська рада,Тернопільська обл.
912,"Політична партія ""ПАТРІОТ""",15.38,Кременецька міська рада,Тернопільська обл.
913,"Політична партія ""Громадянська позиція""",7.69,Кременецька міська рада,Тернопільська обл.
914,"політична партія Всеукраїнське об’єднання ""Свобода""",15.38,Бережанська міська рада,Тернопільська обл.
915,"Політична партія ""Об’єднання ""САМОПОМІЧ""",15.38,Бережанська міська рада,Тернопільська обл.
916,"ПОЛІТИЧНА ПАРТІЯ ""ГРОМАДСЬКИЙ РУХ ""НАРОДНИЙ КОНТРОЛЬ"" ",15.38,Бережанська міська рада,Тернопільська обл.
917,"політична партія Всеукраїнське об’єднання ""Батьківщина""",15.38,Бережанська міська рада,Тернопільська обл.
918,Радикальна партія Олега Ляшка,7.69,Бережанська міська рада,Тернопільська обл.
919,"Політична партія ""Наш край""",20.59,Чугуївська міська рада,Харківська обл.
920,"ПАРТІЯ ""БЛОК ПЕТРА ПОРОШЕНКА ""СОЛІДАРНІСТЬ""",14.71,Чугуївська міська рада,Харківська обл.
921,"Партія ""Відродження""",8.82,Чугуївська міська рада,Харківська обл.
922,"Політична партія ""Нова держава""",5.88,Чугуївська міська рада,Харківська обл.
923,"Партія ""Відродження""",20.59,Первомайська міська рада,Харківська обл.
924,"Політична партія ""Наш край""",17.65,Первомайська міська рада,Харківська обл.
925,"політична партія Всеукраїнське об’єднання ""Батьківщина""",14.71,Первомайська міська рада,Харківська обл.
926,"ПОЛІТИЧНА ПАРТІЯ ""СОЦІАЛІСТИ""",5.88,Первомайська міська рада,Харківська обл.
927,"ПОЛІТИЧНА ПАРТІЯ ""ВОЛОНТЕРСЬКА ПАРТІЯ УКРАЇНИ""",5.88,Первомайська міська рада,Харківська обл.
928,"ПАРТІЯ ""БЛОК ПЕТРА ПОРОШЕНКА ""СОЛІДАРНІСТЬ""",26.47,Люботинська міська рада,Харківська обл.
929,"політична партія Всеукраїнське об’єднання ""Батьківщина""",14.71,Люботинська міська рада,Харківська обл.
930,"Політична партія ""Сила людей""",11.76,Люботинська міська рада,Харківська обл.
931,"Політична партія ""Громадянська позиція""",5.88,Люботинська міська рада,Харківська обл.
932,"ПОЛІТИЧНА ПАРТІЯ ""УКРАЇНСЬКЕ ОБ’ЄДНАННЯ ПАТРІОТІВ – УКРОП""",5.88,Люботинська міська рада,Харківська обл.
933,"ПАРТІЯ ""БЛОК ПЕТРА ПОРОШЕНКА ""СОЛІДАРНІСТЬ""",17.65,Куп'янська міська рада,Харківська обл.
934,"Політична партія ""Наш край""",11.76,Куп'янська міська рада,Харківська обл.
935,"політична партія Всеукраїнське об’єднання ""Батьківщина""",5.88,Куп'янська міська рада,Харківська обл.
936,"Партія ""Відродження""",29.41,Ізюмська міська рада,Харківська обл.
937,"Партія ""Відродження""",67.86,Харківська міська рада,Харківська обл.
938,"політична партія Всеукраїнське об’єднання ""Батьківщина""",8.82,Чортківська міська рада,Тернопільська обл.
939,"Політична партія ""Громадянська позиція""",7.69,Бережанська міська рада,Тернопільська обл.
940,Партія ветеранів Афганістану,5.88,Куп'янська міська рада,Харківська обл.
941,"Політична партія ""Нові обличчя""",26.47,Ізюмська міська рада,Харківська обл.
942,"Політична партія ""Нова держава""",14.71,Ізюмська міська рада,Харківська обл.
943,"Політична партія ""Наш край""",8.82,Ізюмська міська рада,Харківська обл.
944,"Політична партія ""Об’єднання ""САМОПОМІЧ""",15.48,Харківська міська рада,Харківська обл.
945,"ПАРТІЯ ""БЛОК ПЕТРА ПОРОШЕНКА ""СОЛІДАРНІСТЬ""",8.33,Харківська міська рада,Харківська обл.
946,"Політична партія ""Наш край""",8.33,Харківська міська рада,Харківська обл.
947,"ПАРТІЯ ""БЛОК ПЕТРА ПОРОШЕНКА ""СОЛІДАРНІСТЬ""",16.67,Смілянська міська рада,Черкаська обл.
948,"ПАРТІЯ ""БЛОК ПЕТРА ПОРОШЕНКА ""СОЛІДАРНІСТЬ""",20.59,Канівська міська рада,Черкаська обл.
949,"ПАРТІЯ ""БЛОК ПЕТРА ПОРОШЕНКА ""СОЛІДАРНІСТЬ""",38.24,Золотоніська міська рада,Черкаська обл.
950,Партія Пенсіонерів України,8.82,Ізюмська міська рада,Харківська обл.
951,"ПАРТІЯ ""БЛОК ПЕТРА ПОРОШЕНКА ""СОЛІДАРНІСТЬ""",5.88,Ізюмська міська рада,Харківська обл.
952,"політична партія Всеукраїнське об’єднання ""Батьківщина""",5.88,Ізюмська міська рада,Харківська обл.
953,"ПАРТІЯ ""БЛОК ПЕТРА ПОРОШЕНКА ""СОЛІДАРНІСТЬ""",19.23,Ватутінська міська рада,Черкаська обл.
954,"Партія ""Відродження""",25.0,Лозівська міська рада,Харківська обл.
955,"політична партія Всеукраїнське об’єднання ""Батьківщина""",20.59,Прилуцька міська рада,Чернігівська обл.
956,"ПОЛІТИЧНА ПАРТІЯ ""УКРАЇНСЬКЕ ОБ’ЄДНАННЯ ПАТРІОТІВ – УКРОП""",13.89,Смілянська міська рада,Черкаська обл.
957,"політична партія Всеукраїнське об’єднання ""Батьківщина""",13.89,Смілянська міська рада,Черкаська обл.
958,Радикальна партія Олега Ляшка,11.11,Смілянська міська рада,Черкаська обл.
959,Партія ветеранів Афганістану,14.71,Канівська міська рада,Черкаська обл.
960,"політична партія Всеукраїнське об’єднання ""Свобода""",14.71,Канівська міська рада,Черкаська обл.
961,"політична партія Всеукраїнське об’єднання ""Батьківщина""",11.76,Канівська міська рада,Черкаська обл.
962,Радикальна партія Олега Ляшка,11.76,Канівська міська рада,Черкаська обл.
963,"Політична партія ""Європейська партія України""",14.71,Золотоніська міська рада,Черкаська обл.
964,"політична партія Всеукраїнське об’єднання ""Батьківщина""",11.76,Золотоніська міська рада,Черкаська обл.
965,Радикальна партія Олега Ляшка,8.82,Золотоніська міська рада,Черкаська обл.
966,"ПОЛІТИЧНА ПАРТІЯ ""УКРАЇНСЬКЕ ОБ’ЄДНАННЯ ПАТРІОТІВ – УКРОП""",8.82,Золотоніська міська рада,Черкаська обл.
967,"політична партія Всеукраїнське об’єднання ""ЧЕРКАЩАНИ""",15.38,Ватутінська міська рада,Черкаська обл.
968,Партія ветеранів Афганістану,15.38,Ватутінська міська рада,Черкаська обл.
969,"політична партія Всеукраїнське об’єднання ""Батьківщина""",15.38,Ватутінська міська рада,Черкаська обл.
970,"Українська партія честі, боротьби з корупцією та організованою злочинністю",11.54,Ватутінська міська рада,Черкаська обл.
971,"ПАРТІЯ ""БЛОК ПЕТРА ПОРОШЕНКА ""СОЛІДАРНІСТЬ""",16.67,Лозівська міська рада,Харківська обл.
972,"політична партія Всеукраїнське об’єднання ""Батьківщина""",13.89,Лозівська міська рада,Харківська обл.
973,Партія промисловців і підприємців України,11.11,Лозівська міська рада,Харківська обл.
974,"Політична партія ""Нова держава""",8.33,Лозівська міська рада,Харківська обл.
975,Радикальна партія Олега Ляшка,8.33,Лозівська міська рада,Харківська обл.
976,Радикальна партія Олега Ляшка,17.65,Прилуцька міська рада,Чернігівська обл.
977,"політична партія Всеукраїнське об’єднання ""Свобода""",14.71,Прилуцька міська рада,Чернігівська обл.
978,"ПАРТІЯ ""БЛОК ПЕТРА ПОРОШЕНКА ""СОЛІДАРНІСТЬ""",14.71,Прилуцька міська рада,Чернігівська обл.
979,"Політична партія ""Наш край""",11.76,Прилуцька міська рада,Чернігівська обл.
980,"ПОЛІТИЧНА ПАРТІЯ ""УКРАЇНСЬКЕ ОБ’ЄДНАННЯ ПАТРІОТІВ – УКРОП""",8.82,Прилуцька міська рада,Чернігівська обл.
981,"політична партія Всеукраїнське об’єднання ""Свобода""",11.11,Смілянська міська рада,Черкаська обл.
982,"ПОЛІТИЧНА ПАРТІЯ ""СИЛА ГРОМАД""",8.33,Смілянська міська рада,Черкаська обл.
983,"Політична партія ""ПАТРІОТ""",8.33,Смілянська міська рада,Черкаська обл.
984,Аграрна партія України,8.33,Смілянська міська рада,Черкаська обл.
985,"ПАРТІЯ ""БЛОК ПЕТРА ПОРОШЕНКА ""СОЛІДАРНІСТЬ""",19.44,Ніжинська міська рада,Чернігівська обл.
986,Партія Зелених України,8.82,Канівська міська рада,Черкаська обл.
987,"політична партія Всеукраїнське об’єднання ""ЧЕРКАЩАНИ""",8.82,Канівська міська рада,Черкаська обл.
988,"Політична Партія ""Опозиційний блок""",8.82,Канівська міська рада,Черкаська обл.
989,"політична партія Всеукраїнське об’єднання ""Свобода""",8.82,Золотоніська міська рада,Черкаська обл.
990,"політична партія Всеукраїнське об’єднання ""ЧЕРКАЩАНИ""",8.82,Золотоніська міська рада,Черкаська обл.
991,Радикальна партія Олега Ляшка,11.54,Ватутінська міська рада,Черкаська обл.
992,"Політична Партія ""Опозиційний блок""",7.69,Ватутінська міська рада,Черкаська обл.
993,"ПОЛІТИЧНА ПАРТІЯ ""ПАРТІЯ ПРОСТИХ ЛЮДЕЙ СЕРГІЯ КАПЛІНА""",3.85,Ватутінська міська рада,Черкаська обл.
994,"Політична партія ""Наш край""",5.56,Лозівська міська рада,Харківська обл.
995,"Політична партія ""Сила людей""",5.56,Лозівська міська рада,Харківська обл.
996,"ПОЛІТИЧНА ПАРТІЯ ""УКРАЇНСЬКЕ ОБ’ЄДНАННЯ ПАТРІОТІВ – УКРОП""",5.56,Лозівська міська рада,Харківська обл.
997,Аграрна партія України,5.88,Прилуцька міська рада,Чернігівська обл.
998,"Політична Партія ""Опозиційний блок""",5.88,Прилуцька міська рада,Чернігівська обл.
999,"політична партія Всеукраїнське об’єднання ""ЧЕРКАЩАНИ""",8.33,Смілянська міська рада,Черкаська обл.
1000,Радикальна партія Олега Ляшка,16.67,Ніжинська міська рада,Чернігівська обл.
1001,"політична партія Всеукраїнське об’єднання ""Батьківщина""",16.67,Ніжинська міська рада,Чернігівська обл.
1002,"Політична партія ""Об’єднання ""САМОПОМІЧ""",13.89,Ніжинська міська рада,Чернігівська обл.
1003,"політична партія Всеукраїнське об’єднання ""Свобода""",11.11,Ніжинська міська рада,Чернігівська обл.
1004,"Політична партія ""Наш край""",8.33,Ніжинська міська рада,Чернігівська обл.
1005,"ПОЛІТИЧНА ПАРТІЯ ""УКРАЇНСЬКЕ ОБ’ЄДНАННЯ ПАТРІОТІВ – УКРОП""",8.33,Ніжинська міська рада,Чернігівська обл.
1006,"Політична Партія ""Опозиційний блок""",5.56,Ніжинська міська рада,Чернігівська обл.
